-- --------------------------------------------------------
-- 호스트:                          192.168.0.144
-- 서버 버전:                        10.11.3-MariaDB - mariadb.org binary distribution
-- 서버 OS:                        Win64
-- HeidiSQL 버전:                  11.3.0.6295
-- --------------------------------------------------------

/*!40101 SET @OLD_CHARACTER_SET_CLIENT=@@CHARACTER_SET_CLIENT */;
/*!40101 SET NAMES utf8 */;
/*!50503 SET NAMES utf8mb4 */;
/*!40014 SET @OLD_FOREIGN_KEY_CHECKS=@@FOREIGN_KEY_CHECKS, FOREIGN_KEY_CHECKS=0 */;
/*!40101 SET @OLD_SQL_MODE=@@SQL_MODE, SQL_MODE='NO_AUTO_VALUE_ON_ZERO' */;
/*!40111 SET @OLD_SQL_NOTES=@@SQL_NOTES, SQL_NOTES=0 */;


-- team_c 데이터베이스 구조 내보내기
CREATE DATABASE IF NOT EXISTS `team_c` /*!40100 DEFAULT CHARACTER SET utf8mb4 COLLATE utf8mb4_general_ci */;
USE `team_c`;

-- 테이블 team_c.aca_result 구조 내보내기
CREATE TABLE IF NOT EXISTS `aca_result` (
  `result_id` bigint(20) unsigned NOT NULL AUTO_INCREMENT,
  `class_rank` int(11) NOT NULL,
  `mid_final` int(11) NOT NULL,
  `score` int(11) DEFAULT NULL,
  `semester` int(11) DEFAULT NULL,
  `whole_rank` bigint(20) NOT NULL,
  `year` char(4) NOT NULL,
  `subject_entity_subject_id` bigint(20) unsigned NOT NULL,
  `user_entity_user_id` bigint(20) unsigned NOT NULL,
  `rating` int(11) DEFAULT NULL,
  PRIMARY KEY (`result_id`),
  KEY `FKdfmjh56delbxjgo9pl9jqt5ug` (`subject_entity_subject_id`),
  KEY `FKa9r5airicpcyvtmirlauoqx0s` (`user_entity_user_id`),
  CONSTRAINT `FKa9r5airicpcyvtmirlauoqx0s` FOREIGN KEY (`user_entity_user_id`) REFERENCES `user` (`user_id`),
  CONSTRAINT `FKdfmjh56delbxjgo9pl9jqt5ug` FOREIGN KEY (`subject_entity_subject_id`) REFERENCES `subject` (`subject_id`)
) ENGINE=InnoDB AUTO_INCREMENT=337 DEFAULT CHARSET=utf8mb4 COLLATE=utf8mb4_general_ci;

-- 테이블 데이터 team_c.aca_result:~336 rows (대략적) 내보내기
/*!40000 ALTER TABLE `aca_result` DISABLE KEYS */;
INSERT INTO `aca_result` (`result_id`, `class_rank`, `mid_final`, `score`, `semester`, `whole_rank`, `year`, `subject_entity_subject_id`, `user_entity_user_id`, `rating`) VALUES
	(1, 20, 1, 57, 1, 108, '2021', 2, 1, 6),
	(2, 17, 1, 83, 1, 50, '2021', 130, 1, 6),
	(3, 24, 1, 51, 1, 60, '2021', 142, 1, 3),
	(4, 10, 1, 90, 1, 58, '2021', 10, 1, 3),
	(5, 11, 1, 94, 1, 56, '2021', 54, 1, 5),
	(6, 21, 1, 91, 1, 151, '2021', 63, 1, 8),
	(7, 21, 1, 64, 1, 68, '2021', 107, 1, 7),
	(8, 15, 2, 85, 1, 131, '2021', 120, 1, 5),
	(9, 23, 2, 67, 1, 139, '2021', 133, 1, 3),
	(10, 15, 2, 59, 1, 196, '2021', 145, 1, 1),
	(11, 21, 2, 59, 1, 65, '2021', 153, 1, 6),
	(12, 20, 2, 79, 1, 141, '2021', 56, 1, 9),
	(13, 20, 2, 56, 1, 181, '2021', 70, 1, 9),
	(14, 21, 2, 60, 1, 144, '2021', 99, 1, 8),
	(15, 13, 1, 64, 2, 127, '2021', 3, 1, 7),
	(16, 13, 1, 92, 2, 58, '2021', 128, 1, 2),
	(17, 10, 1, 62, 2, 67, '2021', 147, 1, 5),
	(18, 12, 1, 66, 2, 185, '2021', 10, 1, 6),
	(19, 24, 1, 78, 2, 64, '2021', 55, 1, 1),
	(20, 12, 1, 92, 2, 77, '2021', 63, 1, 2),
	(21, 23, 1, 73, 2, 155, '2021', 108, 1, 7),
	(22, 11, 1, 66, 2, 54, '2021', 122, 1, 4),
	(23, 10, 2, 90, 2, 56, '2021', 134, 1, 5),
	(24, 24, 2, 50, 2, 184, '2021', 148, 1, 9),
	(25, 19, 2, 60, 2, 161, '2021', 153, 1, 9),
	(26, 18, 2, 97, 2, 72, '2021', 57, 1, 1),
	(27, 22, 2, 53, 2, 142, '2021', 77, 1, 7),
	(28, 13, 2, 79, 2, 175, '2021', 99, 1, 3),
	(29, 21, 1, 82, 1, 156, '2021', 2, 5, 4),
	(30, 16, 1, 90, 1, 78, '2021', 130, 5, 7),
	(31, 22, 1, 79, 1, 147, '2021', 142, 5, 2),
	(32, 19, 1, 85, 1, 105, '2021', 10, 5, 6),
	(33, 20, 1, 66, 1, 195, '2021', 54, 5, 5),
	(34, 16, 1, 69, 1, 199, '2021', 63, 5, 2),
	(35, 14, 1, 70, 1, 67, '2021', 107, 5, 1),
	(36, 17, 2, 58, 1, 153, '2021', 120, 5, 9),
	(37, 12, 2, 86, 1, 63, '2021', 133, 5, 9),
	(38, 23, 2, 79, 1, 155, '2021', 145, 5, 5),
	(39, 14, 2, 68, 1, 61, '2021', 153, 5, 2),
	(40, 15, 2, 71, 1, 85, '2021', 56, 5, 6),
	(41, 20, 2, 85, 1, 69, '2021', 70, 5, 6),
	(42, 20, 2, 91, 1, 73, '2021', 99, 5, 7),
	(43, 16, 1, 62, 2, 198, '2021', 3, 5, 8),
	(44, 17, 1, 86, 2, 90, '2021', 128, 5, 8),
	(45, 20, 1, 60, 2, 130, '2021', 147, 5, 1),
	(46, 10, 1, 96, 2, 174, '2021', 10, 5, 1),
	(47, 21, 1, 86, 2, 148, '2021', 55, 5, 5),
	(48, 22, 1, 66, 2, 169, '2021', 63, 5, 2),
	(49, 22, 1, 66, 2, 170, '2021', 108, 5, 7),
	(50, 24, 1, 89, 2, 155, '2021', 122, 5, 5),
	(51, 24, 2, 54, 2, 122, '2021', 134, 5, 2),
	(52, 20, 2, 67, 2, 68, '2021', 148, 5, 8),
	(53, 14, 2, 97, 2, 102, '2021', 153, 5, 9),
	(54, 17, 2, 73, 2, 167, '2021', 57, 5, 5),
	(55, 14, 2, 52, 2, 162, '2021', 77, 5, 9),
	(56, 12, 2, 60, 2, 157, '2021', 99, 5, 4),
	(57, 14, 1, 90, 1, 153, '2021', 2, 6, 5),
	(58, 24, 1, 50, 1, 57, '2021', 130, 6, 7),
	(59, 16, 1, 56, 1, 95, '2021', 142, 6, 3),
	(60, 21, 1, 97, 1, 59, '2021', 10, 6, 8),
	(61, 12, 1, 86, 1, 150, '2021', 54, 6, 4),
	(62, 22, 1, 88, 1, 171, '2021', 63, 6, 4),
	(63, 12, 1, 86, 1, 156, '2021', 107, 6, 6),
	(64, 13, 2, 52, 1, 111, '2021', 120, 6, 4),
	(65, 22, 2, 69, 1, 110, '2021', 133, 6, 3),
	(66, 12, 2, 75, 1, 92, '2021', 145, 6, 7),
	(67, 12, 2, 86, 1, 157, '2021', 153, 6, 7),
	(68, 14, 2, 72, 1, 168, '2021', 56, 6, 9),
	(69, 23, 2, 69, 1, 146, '2021', 70, 6, 6),
	(70, 16, 2, 88, 1, 64, '2021', 99, 6, 6),
	(71, 14, 1, 95, 2, 182, '2021', 3, 6, 6),
	(72, 18, 1, 94, 2, 99, '2021', 128, 6, 4),
	(73, 10, 1, 51, 2, 84, '2021', 147, 6, 6),
	(74, 13, 1, 81, 2, 175, '2021', 10, 6, 6),
	(75, 12, 1, 61, 2, 189, '2021', 55, 6, 8),
	(76, 21, 1, 85, 2, 52, '2021', 63, 6, 7),
	(77, 13, 1, 80, 2, 55, '2021', 108, 6, 2),
	(78, 14, 1, 54, 2, 89, '2021', 122, 6, 2),
	(79, 17, 2, 63, 2, 64, '2021', 134, 6, 2),
	(80, 18, 2, 51, 2, 116, '2021', 148, 6, 4),
	(81, 12, 2, 76, 2, 195, '2021', 153, 6, 2),
	(82, 17, 2, 80, 2, 152, '2021', 57, 6, 1),
	(83, 15, 2, 51, 2, 98, '2021', 77, 6, 8),
	(84, 16, 2, 68, 2, 196, '2021', 99, 6, 7),
	(85, 19, 1, 73, 1, 54, '2021', 2, 7, 5),
	(86, 15, 1, 70, 1, 131, '2021', 130, 7, 5),
	(87, 23, 1, 60, 1, 171, '2021', 142, 7, 5),
	(88, 10, 1, 68, 1, 175, '2021', 10, 7, 3),
	(89, 14, 1, 52, 1, 55, '2021', 54, 7, 2),
	(90, 14, 1, 52, 1, 114, '2021', 63, 7, 6),
	(91, 16, 1, 95, 1, 184, '2021', 107, 7, 9),
	(92, 17, 2, 98, 1, 191, '2021', 120, 7, 5),
	(93, 10, 2, 63, 1, 102, '2021', 133, 7, 6),
	(94, 12, 2, 92, 1, 181, '2021', 145, 7, 9),
	(95, 17, 2, 88, 1, 55, '2021', 153, 7, 4),
	(96, 14, 2, 50, 1, 100, '2021', 56, 7, 4),
	(97, 19, 2, 67, 1, 175, '2021', 70, 7, 7),
	(98, 14, 2, 67, 1, 141, '2021', 99, 7, 9),
	(99, 22, 1, 53, 2, 166, '2021', 3, 7, 4),
	(100, 23, 1, 99, 2, 109, '2021', 128, 7, 4),
	(101, 10, 1, 63, 2, 64, '2021', 147, 7, 8),
	(102, 15, 1, 97, 2, 95, '2021', 10, 7, 1),
	(103, 22, 1, 92, 2, 150, '2021', 55, 7, 2),
	(104, 21, 1, 65, 2, 187, '2021', 63, 7, 7),
	(105, 16, 1, 89, 2, 161, '2021', 108, 7, 3),
	(106, 23, 1, 62, 2, 67, '2021', 122, 7, 3),
	(107, 19, 2, 50, 2, 77, '2021', 134, 7, 7),
	(108, 11, 2, 91, 2, 100, '2021', 148, 7, 8),
	(109, 22, 2, 71, 2, 128, '2021', 153, 7, 2),
	(110, 10, 2, 98, 2, 55, '2021', 57, 7, 7),
	(111, 10, 2, 91, 2, 165, '2021', 77, 7, 3),
	(112, 14, 2, 72, 2, 114, '2021', 99, 7, 8),
	(113, 15, 1, 94, 1, 169, '2022', 2, 1, 1),
	(114, 14, 1, 84, 1, 127, '2022', 130, 1, 8),
	(115, 17, 1, 64, 1, 97, '2022', 142, 1, 6),
	(116, 20, 1, 69, 1, 152, '2022', 10, 1, 8),
	(117, 23, 1, 61, 1, 68, '2022', 54, 1, 7),
	(118, 13, 1, 51, 1, 121, '2022', 63, 1, 4),
	(119, 11, 1, 59, 1, 196, '2022', 107, 1, 6),
	(120, 15, 2, 77, 1, 134, '2022', 120, 1, 8),
	(121, 18, 2, 61, 1, 172, '2022', 133, 1, 2),
	(122, 12, 2, 83, 1, 108, '2022', 145, 1, 3),
	(123, 21, 2, 77, 1, 150, '2022', 153, 1, 1),
	(124, 13, 2, 82, 1, 141, '2022', 56, 1, 9),
	(125, 20, 2, 78, 1, 67, '2022', 70, 1, 1),
	(126, 12, 2, 62, 1, 191, '2022', 99, 1, 5),
	(127, 19, 1, 85, 2, 101, '2022', 3, 1, 7),
	(128, 18, 1, 89, 2, 118, '2022', 128, 1, 8),
	(129, 22, 1, 67, 2, 136, '2022', 147, 1, 4),
	(130, 17, 1, 92, 2, 71, '2022', 10, 1, 6),
	(131, 17, 1, 58, 2, 59, '2022', 55, 1, 8),
	(132, 13, 1, 79, 2, 158, '2022', 63, 1, 6),
	(133, 22, 1, 96, 2, 163, '2022', 108, 1, 5),
	(134, 10, 1, 81, 2, 72, '2022', 122, 1, 1),
	(135, 17, 2, 78, 2, 129, '2022', 134, 1, 6),
	(136, 16, 2, 81, 2, 177, '2022', 148, 1, 1),
	(137, 11, 2, 67, 2, 78, '2022', 153, 1, 2),
	(138, 19, 2, 74, 2, 65, '2022', 57, 1, 9),
	(139, 14, 2, 52, 2, 131, '2022', 77, 1, 3),
	(140, 12, 2, 62, 2, 165, '2022', 99, 1, 8),
	(141, 10, 1, 99, 1, 122, '2022', 2, 5, 8),
	(142, 14, 1, 77, 1, 58, '2022', 130, 5, 6),
	(143, 11, 1, 78, 1, 121, '2022', 142, 5, 2),
	(144, 24, 1, 78, 1, 78, '2022', 10, 5, 4),
	(145, 14, 1, 82, 1, 170, '2022', 54, 5, 7),
	(146, 19, 1, 64, 1, 133, '2022', 63, 5, 4),
	(147, 13, 1, 74, 1, 192, '2022', 107, 5, 5),
	(148, 19, 2, 62, 1, 197, '2022', 120, 5, 3),
	(149, 23, 2, 67, 1, 77, '2022', 133, 5, 8),
	(150, 15, 2, 72, 1, 158, '2022', 145, 5, 2),
	(151, 21, 2, 64, 1, 132, '2022', 153, 5, 7),
	(152, 24, 2, 78, 1, 73, '2022', 56, 5, 4),
	(153, 18, 2, 57, 1, 66, '2022', 70, 5, 2),
	(154, 23, 2, 82, 1, 176, '2022', 99, 5, 1),
	(155, 13, 1, 75, 2, 173, '2022', 3, 5, 1),
	(156, 22, 1, 85, 2, 148, '2022', 128, 5, 1),
	(157, 22, 1, 52, 2, 134, '2022', 147, 5, 5),
	(158, 16, 1, 56, 2, 183, '2022', 10, 5, 2),
	(159, 17, 1, 64, 2, 67, '2022', 55, 5, 1),
	(160, 17, 1, 60, 2, 170, '2022', 63, 5, 1),
	(161, 10, 1, 75, 2, 57, '2022', 108, 5, 2),
	(162, 24, 1, 90, 2, 169, '2022', 122, 5, 7),
	(163, 20, 2, 96, 2, 122, '2022', 134, 5, 9),
	(164, 22, 2, 63, 2, 179, '2022', 148, 5, 3),
	(165, 12, 2, 68, 2, 182, '2022', 153, 5, 8),
	(166, 13, 2, 63, 2, 134, '2022', 57, 5, 9),
	(167, 15, 2, 72, 2, 103, '2022', 77, 5, 4),
	(168, 24, 2, 52, 2, 197, '2022', 99, 5, 8),
	(169, 20, 1, 72, 1, 84, '2022', 2, 6, 9),
	(170, 16, 1, 70, 1, 198, '2022', 130, 6, 1),
	(171, 11, 1, 55, 1, 109, '2022', 142, 6, 6),
	(172, 10, 1, 62, 1, 185, '2022', 10, 6, 7),
	(173, 17, 1, 67, 1, 186, '2022', 54, 6, 7),
	(174, 19, 1, 69, 1, 173, '2022', 63, 6, 3),
	(175, 19, 1, 89, 1, 109, '2022', 107, 6, 2),
	(176, 17, 2, 69, 1, 171, '2022', 120, 6, 3),
	(177, 11, 2, 82, 1, 87, '2022', 133, 6, 2),
	(178, 17, 2, 79, 1, 109, '2022', 145, 6, 6),
	(179, 20, 2, 91, 1, 86, '2022', 153, 6, 1),
	(180, 18, 2, 90, 1, 150, '2022', 56, 6, 2),
	(181, 22, 2, 83, 1, 108, '2022', 70, 6, 9),
	(182, 19, 2, 98, 1, 67, '2022', 99, 6, 6),
	(183, 12, 1, 80, 2, 77, '2022', 3, 6, 2),
	(184, 20, 1, 62, 2, 75, '2022', 128, 6, 4),
	(185, 22, 1, 74, 2, 64, '2022', 147, 6, 7),
	(186, 20, 1, 69, 2, 143, '2022', 10, 6, 1),
	(187, 18, 1, 97, 2, 184, '2022', 55, 6, 3),
	(188, 12, 1, 55, 2, 96, '2022', 63, 6, 6),
	(189, 14, 1, 58, 2, 154, '2022', 108, 6, 2),
	(190, 12, 1, 62, 2, 160, '2022', 122, 6, 1),
	(191, 10, 2, 93, 2, 171, '2022', 134, 6, 7),
	(192, 21, 2, 72, 2, 124, '2022', 148, 6, 9),
	(193, 14, 2, 64, 2, 80, '2022', 153, 6, 8),
	(194, 15, 2, 97, 2, 143, '2022', 57, 6, 2),
	(195, 13, 2, 75, 2, 170, '2022', 77, 6, 7),
	(196, 14, 2, 53, 2, 121, '2022', 99, 6, 8),
	(197, 13, 1, 80, 1, 157, '2022', 2, 7, 6),
	(198, 18, 1, 76, 1, 99, '2022', 130, 7, 7),
	(199, 14, 1, 88, 1, 61, '2022', 142, 7, 6),
	(200, 13, 1, 69, 1, 70, '2022', 10, 7, 2),
	(201, 17, 1, 72, 1, 150, '2022', 54, 7, 7),
	(202, 14, 1, 91, 1, 174, '2022', 63, 7, 9),
	(203, 20, 1, 88, 1, 95, '2022', 107, 7, 1),
	(204, 22, 2, 76, 1, 103, '2022', 120, 7, 6),
	(205, 10, 2, 69, 1, 159, '2022', 133, 7, 5),
	(206, 19, 2, 97, 1, 158, '2022', 145, 7, 4),
	(207, 20, 2, 59, 1, 154, '2022', 153, 7, 7),
	(208, 19, 2, 88, 1, 106, '2022', 56, 7, 5),
	(209, 13, 2, 96, 1, 158, '2022', 70, 7, 9),
	(210, 21, 2, 83, 1, 159, '2022', 99, 7, 6),
	(211, 15, 1, 75, 2, 188, '2022', 3, 7, 8),
	(212, 19, 1, 53, 2, 163, '2022', 128, 7, 9),
	(213, 13, 1, 78, 2, 93, '2022', 147, 7, 6),
	(214, 19, 1, 68, 2, 133, '2022', 10, 7, 7),
	(215, 19, 1, 96, 2, 156, '2022', 55, 7, 1),
	(216, 11, 1, 76, 2, 98, '2022', 63, 7, 9),
	(217, 12, 1, 70, 2, 53, '2022', 108, 7, 7),
	(218, 14, 1, 57, 2, 105, '2022', 122, 7, 5),
	(219, 16, 2, 93, 2, 143, '2022', 134, 7, 1),
	(220, 20, 2, 83, 2, 179, '2022', 148, 7, 9),
	(221, 24, 2, 58, 2, 163, '2022', 153, 7, 2),
	(222, 13, 2, 94, 2, 173, '2022', 57, 7, 7),
	(223, 22, 2, 84, 2, 57, '2022', 77, 7, 8),
	(224, 23, 2, 73, 2, 155, '2022', 99, 7, 7),
	(225, 16, 1, 77, 1, 91, '2023', 2, 1, 4),
	(226, 11, 1, 92, 1, 107, '2023', 130, 1, 5),
	(227, 18, 1, 75, 1, 82, '2023', 142, 1, 4),
	(228, 18, 1, 59, 1, 199, '2023', 10, 1, 8),
	(229, 13, 1, 64, 1, 113, '2023', 54, 1, 3),
	(230, 23, 1, 70, 1, 154, '2023', 63, 1, 4),
	(231, 23, 1, 93, 1, 96, '2023', 107, 1, 1),
	(232, 10, 2, 83, 1, 139, '2023', 120, 1, 3),
	(233, 10, 2, 70, 1, 112, '2023', 133, 1, 2),
	(234, 24, 2, 78, 1, 95, '2023', 145, 1, 4),
	(235, 21, 2, 53, 1, 130, '2023', 153, 1, 7),
	(236, 16, 2, 52, 1, 82, '2023', 56, 1, 7),
	(237, 16, 2, 64, 1, 176, '2023', 70, 1, 9),
	(238, 21, 2, 81, 1, 53, '2023', 99, 1, 4),
	(239, 15, 1, 98, 2, 155, '2023', 3, 1, 3),
	(240, 21, 1, 83, 2, 90, '2023', 128, 1, 5),
	(241, 14, 1, 73, 2, 79, '2023', 147, 1, 5),
	(242, 10, 1, 73, 2, 96, '2023', 10, 1, 2),
	(243, 12, 1, 55, 2, 152, '2023', 55, 1, 9),
	(244, 18, 1, 63, 2, 97, '2023', 63, 1, 2),
	(245, 20, 1, 55, 2, 98, '2023', 108, 1, 7),
	(246, 14, 1, 90, 2, 147, '2023', 122, 1, 1),
	(247, 10, 2, 61, 2, 159, '2023', 134, 1, 9),
	(248, 12, 2, 94, 2, 72, '2023', 148, 1, 7),
	(249, 20, 2, 65, 2, 188, '2023', 153, 1, 3),
	(250, 11, 2, 96, 2, 176, '2023', 57, 1, 3),
	(251, 14, 2, 97, 2, 79, '2023', 77, 1, 6),
	(252, 14, 2, 96, 2, 156, '2023', 99, 1, 7),
	(253, 17, 1, 53, 1, 153, '2023', 2, 5, 2),
	(254, 24, 1, 80, 1, 80, '2023', 130, 5, 7),
	(255, 11, 1, 83, 1, 79, '2023', 142, 5, 2),
	(256, 18, 1, 84, 1, 130, '2023', 10, 5, 9),
	(257, 22, 1, 94, 1, 160, '2023', 54, 5, 4),
	(258, 14, 1, 57, 1, 69, '2023', 63, 5, 4),
	(259, 17, 1, 73, 1, 191, '2023', 107, 5, 6),
	(260, 15, 2, 65, 1, 147, '2023', 120, 5, 5),
	(261, 13, 2, 74, 1, 178, '2023', 133, 5, 5),
	(262, 24, 2, 97, 1, 56, '2023', 145, 5, 3),
	(263, 21, 2, 82, 1, 54, '2023', 153, 5, 4),
	(264, 21, 2, 91, 1, 88, '2023', 56, 5, 9),
	(265, 14, 2, 64, 1, 190, '2023', 70, 5, 4),
	(266, 24, 2, 82, 1, 191, '2023', 99, 5, 9),
	(267, 16, 1, 79, 2, 188, '2023', 3, 5, 9),
	(268, 13, 1, 55, 2, 129, '2023', 128, 5, 7),
	(269, 12, 1, 86, 2, 103, '2023', 147, 5, 1),
	(270, 14, 1, 57, 2, 158, '2023', 10, 5, 5),
	(271, 13, 1, 88, 2, 174, '2023', 55, 5, 3),
	(272, 21, 1, 65, 2, 59, '2023', 63, 5, 8),
	(273, 17, 1, 73, 2, 92, '2023', 108, 5, 5),
	(274, 21, 1, 79, 2, 53, '2023', 122, 5, 6),
	(275, 11, 2, 99, 2, 179, '2023', 134, 5, 5),
	(276, 17, 2, 86, 2, 96, '2023', 148, 5, 9),
	(277, 14, 2, 67, 2, 124, '2023', 153, 5, 3),
	(278, 22, 2, 86, 2, 177, '2023', 57, 5, 4),
	(279, 18, 2, 57, 2, 166, '2023', 77, 5, 9),
	(280, 22, 2, 94, 2, 116, '2023', 99, 5, 6),
	(281, 21, 1, 66, 1, 65, '2023', 2, 6, 5),
	(282, 24, 1, 91, 1, 96, '2023', 130, 6, 1),
	(283, 20, 1, 84, 1, 89, '2023', 142, 6, 3),
	(284, 12, 1, 63, 1, 190, '2023', 10, 6, 1),
	(285, 24, 1, 53, 1, 90, '2023', 54, 6, 4),
	(286, 24, 1, 91, 1, 117, '2023', 63, 6, 3),
	(287, 21, 1, 61, 1, 121, '2023', 107, 6, 7),
	(288, 11, 2, 69, 1, 67, '2023', 120, 6, 4),
	(289, 20, 2, 67, 1, 136, '2023', 133, 6, 1),
	(290, 10, 2, 53, 1, 129, '2023', 145, 6, 4),
	(291, 14, 2, 50, 1, 159, '2023', 153, 6, 3),
	(292, 16, 2, 96, 1, 50, '2023', 56, 6, 2),
	(293, 24, 2, 86, 1, 114, '2023', 70, 6, 6),
	(294, 17, 2, 86, 1, 61, '2023', 99, 6, 1),
	(295, 24, 1, 62, 2, 153, '2023', 3, 6, 6),
	(296, 13, 1, 64, 2, 66, '2023', 128, 6, 8),
	(297, 12, 1, 98, 2, 95, '2023', 147, 6, 5),
	(298, 14, 1, 98, 2, 88, '2023', 10, 6, 7),
	(299, 12, 1, 66, 2, 141, '2023', 55, 6, 7),
	(300, 14, 1, 65, 2, 176, '2023', 63, 6, 9),
	(301, 23, 1, 62, 2, 183, '2023', 108, 6, 1),
	(302, 13, 1, 86, 2, 91, '2023', 122, 6, 1),
	(303, 14, 2, 95, 2, 199, '2023', 134, 6, 4),
	(304, 19, 2, 86, 2, 83, '2023', 148, 6, 6),
	(305, 22, 2, 94, 2, 87, '2023', 153, 6, 8),
	(306, 15, 2, 73, 2, 71, '2023', 57, 6, 6),
	(307, 11, 2, 55, 2, 59, '2023', 77, 6, 4),
	(308, 11, 2, 54, 2, 129, '2023', 99, 6, 9),
	(309, 17, 1, 86, 1, 122, '2023', 2, 7, 6),
	(310, 11, 1, 69, 1, 103, '2023', 130, 7, 7),
	(311, 23, 1, 68, 1, 150, '2023', 142, 7, 9),
	(312, 24, 1, 80, 1, 148, '2023', 10, 7, 7),
	(313, 22, 1, 58, 1, 150, '2023', 54, 7, 3),
	(314, 10, 1, 55, 1, 86, '2023', 63, 7, 8),
	(315, 18, 1, 65, 1, 57, '2023', 107, 7, 3),
	(316, 11, 2, 93, 1, 53, '2023', 120, 7, 5),
	(317, 21, 2, 90, 1, 186, '2023', 133, 7, 2),
	(318, 11, 2, 58, 1, 144, '2023', 145, 7, 5),
	(319, 12, 2, 92, 1, 110, '2023', 153, 7, 4),
	(320, 24, 2, 68, 1, 56, '2023', 56, 7, 5),
	(321, 22, 2, 78, 1, 135, '2023', 70, 7, 1),
	(322, 11, 2, 71, 1, 76, '2023', 99, 7, 5),
	(323, 23, 1, 68, 2, 178, '2023', 3, 7, 8),
	(324, 10, 1, 52, 2, 189, '2023', 128, 7, 5),
	(325, 22, 1, 58, 2, 134, '2023', 147, 7, 9),
	(326, 11, 1, 76, 2, 98, '2023', 10, 7, 6),
	(327, 21, 1, 62, 2, 121, '2023', 55, 7, 9),
	(328, 20, 1, 62, 2, 91, '2023', 63, 7, 6),
	(329, 19, 1, 52, 2, 91, '2023', 108, 7, 3),
	(330, 11, 1, 57, 2, 166, '2023', 122, 7, 6),
	(331, 19, 2, 65, 2, 62, '2023', 134, 7, 2),
	(332, 10, 2, 99, 2, 81, '2023', 148, 7, 3),
	(333, 18, 2, 69, 2, 50, '2023', 153, 7, 5),
	(334, 18, 2, 97, 2, 170, '2023', 57, 7, 7),
	(335, 21, 2, 50, 2, 62, '2023', 77, 7, 4),
	(336, 19, 2, 79, 2, 188, '2023', 99, 7, 1);
/*!40000 ALTER TABLE `aca_result` ENABLE KEYS */;

-- 테이블 team_c.attendance 구조 내보내기
CREATE TABLE IF NOT EXISTS `attendance` (
  `attend_id` bigint(20) unsigned NOT NULL AUTO_INCREMENT,
  `disease_absence` tinyint(4) NOT NULL DEFAULT 0,
  `disease_early` tinyint(4) NOT NULL DEFAULT 0,
  `disease_late` tinyint(4) NOT NULL DEFAULT 0,
  `disease_out` tinyint(4) NOT NULL DEFAULT 0,
  `etc_absence` tinyint(4) NOT NULL DEFAULT 0,
  `etc_early` tinyint(4) NOT NULL DEFAULT 0,
  `etc_late` tinyint(4) NOT NULL DEFAULT 0,
  `etc_out` tinyint(4) NOT NULL DEFAULT 0,
  `grade` char(1) NOT NULL,
  `lesson_num` int(11) NOT NULL DEFAULT 0,
  `special_note` varchar(20) DEFAULT NULL,
  `unauth_absence` tinyint(4) NOT NULL DEFAULT 0,
  `unauth_early` tinyint(4) NOT NULL DEFAULT 0,
  `unauth_late` tinyint(4) NOT NULL DEFAULT 0,
  `unauth_out` tinyint(4) NOT NULL DEFAULT 0,
  `user_id` bigint(20) unsigned NOT NULL,
  PRIMARY KEY (`attend_id`),
  KEY `FK46cuxphi3uh5quom51s6i2q8x` (`user_id`),
  CONSTRAINT `FK46cuxphi3uh5quom51s6i2q8x` FOREIGN KEY (`user_id`) REFERENCES `user` (`user_id`)
) ENGINE=InnoDB AUTO_INCREMENT=12 DEFAULT CHARSET=utf8mb4 COLLATE=utf8mb4_general_ci;

-- 테이블 데이터 team_c.attendance:~11 rows (대략적) 내보내기
/*!40000 ALTER TABLE `attendance` DISABLE KEYS */;
INSERT INTO `attendance` (`attend_id`, `disease_absence`, `disease_early`, `disease_late`, `disease_out`, `etc_absence`, `etc_early`, `etc_late`, `etc_out`, `grade`, `lesson_num`, `special_note`, `unauth_absence`, `unauth_early`, `unauth_late`, `unauth_out`, `user_id`) VALUES
	(1, 0, 0, 0, 5, 0, 0, 0, 0, '1', 190, '교통사고로인한 입원', 0, 0, 0, 0, 1),
	(2, 0, 1, 0, 0, 0, 0, 0, 0, '1', 190, '질병조퇴', 0, 0, 0, 0, 5),
	(3, 0, 2, 0, 0, 0, 0, 0, 0, '1', 190, '질병조퇴', 0, 0, 0, 0, 6),
	(4, 0, 0, 1, 0, 0, 0, 1, 0, '3', 190, '질병지각 및 기타사유로 지각', 0, 0, 0, 0, 1),
	(5, 0, 0, 1, 0, 0, 0, 1, 0, '3', 190, '질병지각 및 기타사유로 지각', 0, 0, 0, 0, 5),
	(6, 0, 0, 0, 0, 0, 0, 3, 0, '2', 190, '기타사유로 지각', 0, 0, 0, 0, 5),
	(7, 2, 0, 0, 0, 0, 0, 3, 0, '2', 190, '질병 결석(유행성결막염)', 0, 0, 0, 0, 6),
	(8, 2, 0, 0, 0, 0, 0, 3, 0, '3', 190, '질병 결석(유행성결막염)', 0, 0, 0, 0, 6),
	(9, 0, 0, 0, 0, 0, 0, 3, 0, '2', 190, '기타사유로 지각', 0, 0, 0, 0, 7),
	(10, 2, 0, 0, 0, 0, 0, 3, 0, '3', 190, '질병 결석(유행성결막염)', 0, 0, 0, 0, 7),
	(11, 0, 0, 0, 0, 0, 0, 3, 0, '1', 190, '기타사유로 지각', 0, 0, 0, 0, 7);
/*!40000 ALTER TABLE `attendance` ENABLE KEYS */;

-- 테이블 team_c.career 구조 내보내기
CREATE TABLE IF NOT EXISTS `career` (
  `career_id` bigint(20) unsigned NOT NULL AUTO_INCREMENT,
  `grade` varchar(1) NOT NULL,
  `hope_dept` varchar(20) NOT NULL,
  `hope_univ` varchar(50) NOT NULL,
  `interest` varchar(50) NOT NULL,
  `parent_hope` varchar(20) NOT NULL,
  `special_note` varchar(200) NOT NULL,
  `std_hope` varchar(20) NOT NULL,
  `user_id` bigint(20) unsigned NOT NULL,
  PRIMARY KEY (`career_id`),
  KEY `FKp68p71rciqjtwly9h9auk0vyi` (`user_id`),
  CONSTRAINT `FKp68p71rciqjtwly9h9auk0vyi` FOREIGN KEY (`user_id`) REFERENCES `user` (`user_id`)
) ENGINE=InnoDB AUTO_INCREMENT=5 DEFAULT CHARSET=utf8mb4 COLLATE=utf8mb4_general_ci;

-- 테이블 데이터 team_c.career:~4 rows (대략적) 내보내기
/*!40000 ALTER TABLE `career` DISABLE KEYS */;
INSERT INTO `career` (`career_id`, `grade`, `hope_dept`, `hope_univ`, `interest`, `parent_hope`, `special_note`, `std_hope`, `user_id`) VALUES
	(1, '2', '환경생태학과', '고려대학교 ', '환경 및 생태학 분야', '의사', ' 환경산업을 새로운 성장동력으로 육성, 기후변화를 새로운 기회요인으로 활용 등 환경적인 문제에 관심이 많음', '환경 및 생태학 분야 교수', 1),
	(2, '3', '환경생태학과', '고려대학교 ', '환경 및 생태학 분야', '의사', ' 환경산업을 새로운 성장동력으로 육성, 기후변화를 새로운 기회요인으로 활용 등 환경적인 문제에 관심이 많음', '환경 및 생태학 분야 교수', 1),
	(3, '2', '환경생태학과', '고려대학교 ', '환경 및 생태학 분야', '의사', ' 환경산업을 새로운 성장동력으로 육성, 기후변화를 새로운 기회요인으로 활용 등 환경적인 문제에 관심이 많음', '환경 및 생태학 분야 교수', 1),
	(4, '3', '환경생태학과', '고려대학교 ', '환경 및 생태학 분야', '의사', ' 환경산업을 새로운 성장동력으로 육성, 기후변화를 새로운 기회요인으로 활용 등 환경적인 문제에 관심이 많음', '환경 및 생태학 분야 교수', 1);
/*!40000 ALTER TABLE `career` ENABLE KEYS */;

-- 테이블 team_c.mock_result 구조 내보내기
CREATE TABLE IF NOT EXISTS `mock_result` (
  `result_id` bigint(20) unsigned NOT NULL AUTO_INCREMENT,
  `mon` int(11) NOT NULL,
  `percent` int(11) NOT NULL,
  `rating` int(11) NOT NULL,
  `standard_score` bigint(20) NOT NULL,
  `subject_id` bigint(20) NOT NULL,
  `user_id` bigint(20) NOT NULL,
  `year` char(4) NOT NULL,
  PRIMARY KEY (`result_id`)
) ENGINE=InnoDB AUTO_INCREMENT=137 DEFAULT CHARSET=utf8mb4 COLLATE=utf8mb4_general_ci;

-- 테이블 데이터 team_c.mock_result:~65 rows (대략적) 내보내기
/*!40000 ALTER TABLE `mock_result` DISABLE KEYS */;
INSERT INTO `mock_result` (`result_id`, `mon`, `percent`, `rating`, `standard_score`, `subject_id`, `user_id`, `year`) VALUES
	(13, 3, 97, 1, 134, 4, 1, '2023'),
	(14, 3, 90, 2, 129, 5, 1, '2023'),
	(15, 3, 0, 1, 0, 7, 1, '2023'),
	(16, 3, 99, 1, 75, 26, 1, '2023'),
	(17, 3, 86, 3, 61, 24, 1, '2023'),
	(18, 3, 0, 2, 0, 9, 1, '2023'),
	(24, 3, 0, 3, 0, 9, 1, '2023'),
	(25, 9, 81, 2, 143, 4, 1, '2023'),
	(26, 9, 60, 2, 132, 5, 1, '2023'),
	(27, 9, 0, 3, 0, 7, 1, '2023'),
	(28, 9, 83, 3, 66, 16, 1, '2023'),
	(29, 9, 87, 3, 72, 18, 1, '2023'),
	(30, 9, 0, 3, 0, 9, 1, '2023'),
	(31, 9, 94, 1, 80, 48, 1, '2023'),
	(32, 9, 62, 4, 50, 49, 1, '2023'),
	(33, 9, 70, 3, 72, 181, 1, '2023'),
	(34, 3, 71, 4, 91, 4, 5, '2023'),
	(35, 3, 42, 6, 71, 5, 5, '2023'),
	(36, 3, 0, 3, 0, 7, 5, '2023'),
	(37, 3, 83, 5, 40, 16, 5, '2023'),
	(38, 3, 87, 5, 63, 14, 5, '2023'),
	(39, 3, 0, 5, 0, 9, 5, '2023'),
	(40, 3, 51, 3, 70, 48, 5, '2023'),
	(41, 3, 61, 4, 82, 49, 5, '2023'),
	(42, 3, 10, 8, 20, 181, 5, '2023'),
	(52, 9, 88, 2, 124, 4, 5, '2023'),
	(53, 9, 70, 4, 73, 5, 5, '2023'),
	(54, 9, 0, 2, 0, 7, 5, '2023'),
	(55, 9, 32, 7, 32, 16, 5, '2023'),
	(56, 9, 80, 6, 52, 14, 5, '2023'),
	(57, 9, 1, 1, 100, 5, 5, '2023'),
	(58, 9, 81, 6, 72, 5, 5, '2023'),
	(59, 9, 1, 1, 128, 9, 5, '2023'),
	(60, 9, 1, 2, 128, 4, 5, '2023'),
	(75, 3, 1, 1, 110, 2, 6, '2023'),
	(77, 3, 1, 1, 120, 4, 6, '2023'),
	(78, 3, 1, 1, 120, 4, 6, '2023'),
	(79, 3, 1, 1, 120, 8, 6, '2023'),
	(85, 3, 9, 2, 100, 49, 6, '2023'),
	(91, 3, 99, 3, 150, 7, 6, '2023'),
	(92, 3, 99, 1, 150, 7, 6, '2023'),
	(93, 3, 10, 1, 100, 4, 6, '2023'),
	(110, 6, 1, 1, 135, 4, 6, '2023'),
	(111, 6, 1, 1, 135, 5, 6, '2023'),
	(112, 6, 1, 1, 135, 7, 6, '2023'),
	(113, 6, 1, 1, 135, 9, 6, '2023'),
	(118, 6, 9, 2, 115, 9, 6, '2023'),
	(119, 6, 1, 1, 130, 7, 6, '2023'),
	(120, 6, 99, 9, 10, 5, 6, '2023'),
	(121, 3, 97, 1, 134, 4, 7, '2023'),
	(122, 3, 90, 2, 129, 5, 7, '2023'),
	(123, 3, 0, 1, 0, 7, 7, '2023'),
	(124, 3, 99, 1, 75, 26, 7, '2023'),
	(125, 3, 86, 3, 61, 24, 7, '2023'),
	(126, 3, 0, 2, 0, 9, 7, '2023'),
	(127, 3, 0, 3, 0, 9, 7, '2023'),
	(128, 9, 81, 2, 143, 4, 7, '2023'),
	(129, 9, 60, 2, 132, 5, 7, '2023'),
	(130, 9, 0, 3, 0, 7, 7, '2023'),
	(131, 9, 83, 3, 66, 16, 7, '2023'),
	(132, 9, 87, 3, 72, 18, 7, '2023'),
	(133, 9, 0, 3, 0, 9, 7, '2023'),
	(134, 9, 94, 1, 80, 48, 7, '2023'),
	(135, 9, 62, 4, 50, 49, 7, '2023'),
	(136, 9, 70, 3, 72, 181, 7, '2023');
/*!40000 ALTER TABLE `mock_result` ENABLE KEYS */;

-- 테이블 team_c.notice 구조 내보내기
CREATE TABLE IF NOT EXISTS `notice` (
  `notice_id` bigint(20) unsigned NOT NULL AUTO_INCREMENT,
  `created_at` datetime(6) NOT NULL DEFAULT current_timestamp(6),
  `updated_at` datetime(6) NOT NULL DEFAULT current_timestamp(6),
  `content` text NOT NULL,
  `hits` int(11) NOT NULL DEFAULT 0,
  `impt_yn` tinyint(4) NOT NULL DEFAULT 0,
  `title` varchar(100) NOT NULL,
  `school_id` bigint(20) unsigned DEFAULT NULL,
  PRIMARY KEY (`notice_id`),
  KEY `FKtgexi2p1fmnq9eicduatqggsg` (`school_id`),
  CONSTRAINT `FKtgexi2p1fmnq9eicduatqggsg` FOREIGN KEY (`school_id`) REFERENCES `school` (`school_id`)
) ENGINE=InnoDB AUTO_INCREMENT=12 DEFAULT CHARSET=utf8mb4 COLLATE=utf8mb4_general_ci;

-- 테이블 데이터 team_c.notice:~11 rows (대략적) 내보내기
/*!40000 ALTER TABLE `notice` DISABLE KEYS */;
INSERT INTO `notice` (`notice_id`, `created_at`, `updated_at`, `content`, `hits`, `impt_yn`, `title`, `school_id`) VALUES
	(1, '2023-08-26 05:12:24.451694', '2023-08-26 05:12:24.451694', '긴급사항입니다. 김원희가 배가고프다 합니다', 0, 0, '2023-8-26 공지사항입니다', 3),
	(2, '2023-08-26 05:12:40.628801', '2023-08-26 05:12:40.628801', '김원희가 많이 화가났다고 합니다', 0, 0, '2023-8-27 공지사항입니다', 3),
	(3, '2023-08-26 05:12:50.877627', '2023-08-26 05:12:50.877627', '김원희가 화가 조금 누그러들었다고 합니다', 0, 0, '2023-8-28 공지사항입니다', 3),
	(4, '2023-08-26 05:13:04.978979', '2023-08-26 05:13:04.978979', '남규진은 부엉이라고 합니다', 0, 0, '2023-8-28 공지사항입니다', 3),
	(5, '2023-08-26 05:13:22.419757', '2023-08-26 05:13:22.419757', '부엉이가 남규진이라고합니다', 0, 1, '2023-8-29 공지사항', 3),
	(6, '2023-08-26 05:13:40.285331', '2023-08-26 05:13:40.285331', '하늘을 올려다보세요', 0, 1, '2023-8-29 공지사항', 3),
	(7, '2023-08-26 05:13:57.459534', '2023-08-26 05:13:57.459534', '햇빛이..말을거네유..', 0, 1, '2023-8-29 수강생 전원 100% 합격', 3),
	(8, '2023-08-26 05:14:39.084357', '2023-08-26 05:14:39.084357', '남규진을 카카오로', 0, 1, '수강생 착취 강제노동 무임금 식대미지급', 3),
	(9, '2023-08-26 05:14:55.261218', '2023-08-26 05:16:18.680855', '수정 테서터', 0, 0, '수정테스트', NULL),
	(10, '2023-08-26 05:15:21.950748', '2023-08-26 05:15:21.950748', '2023-8-26안보면 성적없음 ㅋ', 0, 1, '공지사항-성적입력기간입니다', 3);
/*!40000 ALTER TABLE `notice` ENABLE KEYS */;

-- 테이블 team_c.sbj_category 구조 내보내기
CREATE TABLE IF NOT EXISTS `sbj_category` (
  `category_id` bigint(20) unsigned NOT NULL AUTO_INCREMENT,
  `nm` varchar(10) NOT NULL,
  `type` tinyint(4) NOT NULL,
  PRIMARY KEY (`category_id`),
  UNIQUE KEY `UKdy65y1jdq1erq30g8kj386k7s` (`nm`,`type`)
) ENGINE=InnoDB AUTO_INCREMENT=19 DEFAULT CHARSET=utf8mb4 COLLATE=utf8mb4_general_ci;

-- 테이블 데이터 team_c.sbj_category:~18 rows (대략적) 내보내기
/*!40000 ALTER TABLE `sbj_category` DISABLE KEYS */;
INSERT INTO `sbj_category` (`category_id`, `nm`, `type`) VALUES
	(11, '과학탐구영역', 1),
	(17, '교양', 1),
	(1, '국어', 1),
	(2, '국어', 2),
	(15, '기술·가정/정보', 1),
	(9, '사회탐구영역', 1),
	(3, '수학', 1),
	(4, '수학', 2),
	(6, '영어', 1),
	(5, '영어', 2),
	(14, '예술', 1),
	(16, '제 2외국어/한문', 1),
	(18, '제 2외국어/한문', 2),
	(12, '직업탐구', 2),
	(13, '체육', 1),
	(10, '탐구영역', 2),
	(7, '한국사', 1),
	(8, '한국사', 2);
/*!40000 ALTER TABLE `sbj_category` ENABLE KEYS */;

-- 테이블 team_c.school 구조 내보내기
CREATE TABLE IF NOT EXISTS `school` (
  `school_id` bigint(20) unsigned NOT NULL AUTO_INCREMENT,
  `adm_num` char(12) DEFAULT NULL,
  `code` char(7) NOT NULL,
  `fax_num` char(12) DEFAULT NULL,
  `logo` varchar(100) DEFAULT NULL,
  `machine_num` char(12) DEFAULT NULL,
  `main_num` char(12) DEFAULT NULL,
  `nm` varchar(50) NOT NULL,
  `prcp_num` char(12) DEFAULT NULL,
  `tc_num` char(12) DEFAULT NULL,
  PRIMARY KEY (`school_id`),
  UNIQUE KEY `UK_jt981hh511dqpr2nf05h8d8cy` (`code`),
  UNIQUE KEY `UK_p16her1ukmiun5ork3ilugh3h` (`nm`)
) ENGINE=InnoDB AUTO_INCREMENT=9 DEFAULT CHARSET=utf8mb4 COLLATE=utf8mb4_general_ci;

-- 테이블 데이터 team_c.school:~4 rows (대략적) 내보내기
/*!40000 ALTER TABLE `school` DISABLE KEYS */;
INSERT INTO `school` (`school_id`, `adm_num`, `code`, `fax_num`, `logo`, `machine_num`, `main_num`, `nm`, `prcp_num`, `tc_num`) VALUES
	(3, '2154', '7240098', '052)5465546', '영진고등학교.png', '5121', '5123', '영진고등학교', '5124', '5126'),
	(6, '2154', '7240103', '052)5465546', '청구고등학교.png', '5121', '5123', '청구고등학교', '5124', '5126'),
	(7, '2154', '7240223', '052)5465546', '강동고등학교.png', '5121', '5123', '강동고등학교', '5124', '5126'),
	(8, '2154', '7240273', '052)5465546', '함지고등학교.png', '5121', '5123', '함지고등학교', '5124', '5126');
/*!40000 ALTER TABLE `school` ENABLE KEYS */;

-- 테이블 team_c.school_admin 구조 내보내기
CREATE TABLE IF NOT EXISTS `school_admin` (
  `admin_id` bigint(20) unsigned NOT NULL AUTO_INCREMENT,
  `email` varchar(50) NOT NULL,
  `pw` varchar(100) NOT NULL,
  `school_id` bigint(20) unsigned NOT NULL,
  PRIMARY KEY (`admin_id`),
  UNIQUE KEY `UK_cpef8yf75tc1ajbdcdoedabuv` (`email`),
  UNIQUE KEY `UK_864t42vi8tr9qvhr2dyjdui5g` (`school_id`),
  CONSTRAINT `FKo5uvw8s93t9llj8sodllr9o0h` FOREIGN KEY (`school_id`) REFERENCES `school` (`school_id`)
) ENGINE=InnoDB AUTO_INCREMENT=16 DEFAULT CHARSET=utf8mb4 COLLATE=utf8mb4_general_ci;

-- 테이블 데이터 team_c.school_admin:~3 rows (대략적) 내보내기
/*!40000 ALTER TABLE `school_admin` DISABLE KEYS */;
INSERT INTO `school_admin` (`admin_id`, `email`, `pw`, `school_id`) VALUES
	(1, 'admin1@naver.com', '{bcrypt}$2a$10$6YftD20rfUhXzNNgMN4Pj.0LKm2WQdeBfXQAP4PLPN4Q7g8gt0JAy', 3),
	(13, 'admin2@naver.com', '{bcrypt}$2a$10$6YftD20rfUhXzNNgMN4Pj.0LKm2WQdeBfXQAP4PLPN4Q7g8gt0JAy', 6),
	(15, 'kwh1619@naver.com', '{bcrypt}$2a$10$6YftD20rfUhXzNNgMN4Pj.0LKm2WQdeBfXQAP4PLPN4Q7g8gt0JAy', 8);
/*!40000 ALTER TABLE `school_admin` ENABLE KEYS */;

-- 테이블 team_c.subject 구조 내보내기
CREATE TABLE IF NOT EXISTS `subject` (
  `subject_id` bigint(20) unsigned NOT NULL AUTO_INCREMENT,
  `nm` varchar(20) NOT NULL,
  `category_id` bigint(20) unsigned DEFAULT NULL,
  PRIMARY KEY (`subject_id`),
  UNIQUE KEY `UKgn91dyguuuau1ofywugardc3y` (`category_id`,`nm`),
  CONSTRAINT `FK1y0exysq7m5pu6alcagheiwhi` FOREIGN KEY (`category_id`) REFERENCES `sbj_category` (`category_id`)
) ENGINE=InnoDB AUTO_INCREMENT=190 DEFAULT CHARSET=utf8mb4 COLLATE=utf8mb4_general_ci;

-- 테이블 데이터 team_c.subject:~187 rows (대략적) 내보내기
/*!40000 ALTER TABLE `subject` DISABLE KEYS */;
INSERT INTO `subject` (`subject_id`, `nm`, `category_id`) VALUES
	(117, '공통국어1', 1),
	(118, '공통국어2', 1),
	(122, '독서 토론과 글쓰기', 1),
	(2, '독서와 작문', 1),
	(123, '매체 의사소통', 1),
	(3, '문학', 1),
	(120, '문학과 영상', 1),
	(124, '언어생활 탐구', 1),
	(119, '주제탐구독서', 1),
	(121, '직무 의사소통', 1),
	(1, '화법과 언어', 1),
	(4, '국어', 2),
	(133, '경제 수학', 3),
	(126, '공통수학1', 3),
	(127, '공통수학2', 3),
	(37, '기본수학1', 3),
	(125, '기본수학2', 3),
	(131, '기하', 3),
	(128, '대수', 3),
	(129, '미적분Ⅰ', 3),
	(132, '미적분Ⅱ', 3),
	(136, '수학과 문화', 3),
	(138, '수학과제 탐구', 3),
	(137, '실용 통계', 3),
	(134, '인공지능 수학', 3),
	(135, '직무 수학', 3),
	(130, '확률과 통계', 3),
	(5, '수학', 4),
	(7, '영어', 5),
	(140, '공통영어1', 6),
	(141, '공통영어2', 6),
	(8, '기본영어1', 6),
	(139, '기본영어2', 6),
	(151, '미디어 영어', 6),
	(152, '세계문화와 영어', 6),
	(150, '실생활 영어 회화', 6),
	(148, '심화 영어 독해와 작문', 6),
	(147, '심화영어', 6),
	(145, '영미문학읽기', 6),
	(142, '영어 독해와 작문', 6),
	(146, '영어 발표와 토론', 6),
	(143, '영어Ⅰ', 6),
	(144, '영어Ⅱ', 6),
	(149, '직무 영어', 6),
	(10, '한국사1', 7),
	(153, '한국사2', 7),
	(9, '한국사', 8),
	(23, '경제', 9),
	(159, '국제 관계의 이해', 9),
	(163, '금융과 경제생활', 9),
	(165, '기후변화와 지속 가능한 세계', 9),
	(157, '도시의 미래 탐구', 9),
	(19, '동아시아 역사기행', 9),
	(158, '법과 사회', 9),
	(162, '사회문제 탐구', 9),
	(27, '사회와 문화', 9),
	(21, '세계사', 9),
	(17, '세계시민과 지리', 9),
	(160, '여행지리', 9),
	(161, '역사로 탐구하는 현대 세계', 9),
	(164, '윤리문제 탐구', 9),
	(13, '윤리와 사상', 9),
	(11, '인문학과 윤리', 9),
	(25, '정치', 9),
	(154, '통합사회1', 9),
	(155, '통합사회2', 9),
	(15, '한국지리 탐구', 9),
	(156, '현대사회와 윤리', 9),
	(24, '경제', 10),
	(20, '동아시아사', 10),
	(30, '물리학1', 10),
	(28, '사회문화', 10),
	(34, '생명과학1', 10),
	(12, '생활과 윤리', 10),
	(18, '세계 지리', 10),
	(22, '세계사', 10),
	(14, '윤리와 사상', 10),
	(26, '정치와법', 10),
	(36, '지구과학1', 10),
	(16, '한국 지리', 10),
	(32, '화학1', 10),
	(178, '과학의 역사와 문화', 11),
	(168, '과학탐구실험1', 11),
	(169, '과학탐구실험2', 11),
	(179, '기후변화와 환경생태', 11),
	(29, '물리학', 11),
	(171, '물질과 에너지', 11),
	(33, '생명과학', 11),
	(176, '생물의 유전', 11),
	(172, '세포와 물질대사', 11),
	(170, '역학과 에너지', 11),
	(180, '융합과학 탐구', 11),
	(174, '전자기와 양자', 11),
	(35, '지구과학', 11),
	(173, '지구시스템과학', 11),
	(166, '통합과학1', 11),
	(167, '통합과학2', 11),
	(177, '행성우주과학', 11),
	(31, '화학', 11),
	(175, '화학 반응의 세계', 11),
	(50, '공업 일반', 12),
	(49, '농업 기초 기술', 12),
	(51, '상업 경제', 12),
	(48, '성공적인 직업생활', 12),
	(52, '수산·해운 산업기초', 12),
	(53, '인간발달', 12),
	(58, '스포츠 과학', 13),
	(57, '스포츠 문화', 13),
	(59, '스포츠 생활1', 13),
	(60, '스포츠 생활2', 13),
	(56, '운동과 건강', 13),
	(54, '체육1', 13),
	(55, '체육2', 13),
	(62, '미술', 14),
	(67, '미술 감상과 비평', 14),
	(66, '미술 창작', 14),
	(69, '미술과 매체', 14),
	(63, '연극', 14),
	(61, '음악', 14),
	(65, '음악 감상과 비평', 14),
	(64, '음악 연주와 창작', 14),
	(68, '음악과 미디어', 14),
	(70, '기술⋅가정', 15),
	(79, '데이터과학', 15),
	(71, '로봇과 공학세계', 15),
	(75, '생애 설계와 자립', 15),
	(72, '생활과학 탐구', 15),
	(80, '소프트웨어와 생활', 15),
	(76, '아동 발달과 부모', 15),
	(78, '인공지능 기초', 15),
	(77, '정보', 15),
	(74, '지식재산일반', 15),
	(73, '창의공학설계', 15),
	(81, '독일어', 16),
	(89, '독일어 회화', 16),
	(39, '독일어Ⅰ', 16),
	(86, '러시아어', 16),
	(94, '러시아어 회화', 16),
	(44, '러시아어Ⅰ', 16),
	(88, '베트남어', 16),
	(96, '베트남어 회화', 16),
	(46, '베트남어Ⅰ', 16),
	(83, '스페인어', 16),
	(91, '스페인어 회화', 16),
	(41, '스페인어Ⅰ', 16),
	(97, '심화 독일어', 16),
	(102, '심화 러시아어', 16),
	(104, '심화 베트남어', 16),
	(99, '심화 스페인어', 16),
	(103, '심화 아랍어', 16),
	(101, '심화 일본어', 16),
	(100, '심화 중국어', 16),
	(98, '심화 프랑스어', 16),
	(87, '아랍어', 16),
	(95, '아랍어 회화', 16),
	(45, '아랍어Ⅰ', 16),
	(85, '일본어', 16),
	(93, '일본어 회화', 16),
	(43, '일본어Ⅰ', 16),
	(84, '중국어', 16),
	(92, '중국어 회화', 16),
	(42, '중국어Ⅰ', 16),
	(82, '프랑스어', 16),
	(90, '프랑스어 회화', 16),
	(40, '프랑스어Ⅰ', 16),
	(105, '한문', 16),
	(47, '한문Ⅰ', 16),
	(106, '한문고전읽기', 16),
	(112, '교육의 이해', 17),
	(110, '논리와 사고', 17),
	(116, '논술', 17),
	(114, '보건', 17),
	(113, '삶과 종교', 17),
	(108, '생태와 환경', 17),
	(115, '인간과 경제활동', 17),
	(111, '인간과 심리', 17),
	(109, '인간과 철학', 17),
	(107, '진로와 직업', 17),
	(181, '독일어Ⅰ', 18),
	(186, '러시아어Ⅰ', 18),
	(188, '베트남어Ⅰ', 18),
	(183, '스페인어Ⅰ', 18),
	(187, '아랍어Ⅰ', 18),
	(185, '일본어Ⅰ', 18),
	(184, '중국어Ⅰ', 18),
	(182, '프랑스어Ⅰ', 18),
	(189, '한문Ⅰ', 18);
/*!40000 ALTER TABLE `subject` ENABLE KEYS */;

-- 테이블 team_c.user 구조 내보내기
CREATE TABLE IF NOT EXISTS `user` (
  `user_id` bigint(20) unsigned NOT NULL AUTO_INCREMENT,
  `created_at` datetime(6) NOT NULL DEFAULT current_timestamp(6),
  `updated_at` datetime(6) NOT NULL DEFAULT current_timestamp(6),
  `address` varchar(255) NOT NULL,
  `apr_pic` varchar(255) DEFAULT NULL,
  `apr_yn` tinyint(4) NOT NULL DEFAULT 0,
  `birth` date NOT NULL,
  `detail_addr` varchar(255) NOT NULL,
  `email` varchar(50) NOT NULL,
  `enroll_state` enum('ENROLL','GRADUATION','LEAVE','TRANSFER') DEFAULT NULL,
  `nm` varchar(20) NOT NULL,
  `phone` char(13) NOT NULL,
  `pic` varchar(255) DEFAULT NULL,
  `pw` varchar(255) DEFAULT NULL,
  `role_type` enum('STD','TC') NOT NULL,
  `van_id` bigint(20) unsigned NOT NULL,
  PRIMARY KEY (`user_id`),
  UNIQUE KEY `UK_ob8kqyqqgmefl0aco34akdtpe` (`email`),
  KEY `FK7grqc3h1fmvetyjnx6i0y93s6` (`van_id`),
  CONSTRAINT `FK7grqc3h1fmvetyjnx6i0y93s6` FOREIGN KEY (`van_id`) REFERENCES `van` (`van_id`)
) ENGINE=InnoDB AUTO_INCREMENT=35 DEFAULT CHARSET=utf8mb4 COLLATE=utf8mb4_general_ci;

-- 테이블 데이터 team_c.user:~31 rows (대략적) 내보내기
/*!40000 ALTER TABLE `user` DISABLE KEYS */;
INSERT INTO `user` (`user_id`, `created_at`, `updated_at`, `address`, `apr_pic`, `apr_yn`, `birth`, `detail_addr`, `email`, `enroll_state`, `nm`, `phone`, `pic`, `pw`, `role_type`, `van_id`) VALUES
	(1, '2023-08-25 09:43:09.307179', '2023-08-25 09:43:09.307179', 'address', NULL, 1, '2023-08-25', 'detail address', 'std1@naver.com', 'ENROLL', 'string5', '01049484848', '87ac1870-257a-4e4f-974c-980802f5d8f2.jpg', '{bcrypt}$2a$10$6YftD20rfUhXzNNgMN4Pj.0LKm2WQdeBfXQAP4PLPN4Q7g8gt0JAy', 'STD', 1),
	(2, '2023-08-25 09:47:41.951890', '2023-08-25 09:47:41.951890', 'string', NULL, 1, '2023-08-25', 'string', 'tc1@naver.com', 'ENROLL', 'string5', '010-4241-1043', '0037197c-1f8c-4eb5-b846-3865e904f8e2.jpg', '{bcrypt}$2a$10$6YftD20rfUhXzNNgMN4Pj.0LKm2WQdeBfXQAP4PLPN4Q7g8gt0JAy', 'TC', 1),
	(5, '2023-08-26 02:46:26.432343', '2023-08-26 02:46:26.432343', 'string', NULL, 1, '2023-08-26', 'detail address', 'std2@naver.com', 'ENROLL', '김학생', '01048374743', 'c7d11f9a-01ea-4ce7-9da6-70fad2386962.jpg', '{bcrypt}$2a$10$6YftD20rfUhXzNNgMN4Pj.0LKm2WQdeBfXQAP4PLPN4Q7g8gt0JAy', 'STD', 1),
	(6, '2023-08-26 02:46:44.808619', '2023-08-26 02:46:44.808619', 'string', NULL, 1, '2023-08-26', 'detail address', 'std3@naver.com', 'ENROLL', '강학생', '01048374743', '152a0dda-c18b-412c-9796-d820c1f1d344.jpg', '{bcrypt}$2a$10$6YftD20rfUhXzNNgMN4Pj.0LKm2WQdeBfXQAP4PLPN4Q7g8gt0JAy', 'STD', 1),
	(7, '2023-08-26 02:46:59.218544', '2023-08-26 02:46:59.218544', 'string', NULL, 1, '2023-08-01', 'detail address', 'std4@naver.com', 'ENROLL', '나학생', '01048374543', 'fbdc0fa2-b4e1-4bd5-82d5-858e7aed31c9.jpg', '{bcrypt}$2a$10$6YftD20rfUhXzNNgMN4Pj.0LKm2WQdeBfXQAP4PLPN4Q7g8gt0JAy', 'STD', 1),
	(8, '2023-08-26 02:47:21.202627', '2023-08-26 02:47:21.202627', '대구광역시', NULL, 1, '2023-01-01', 'detail address', 'std5@naver.com', 'ENROLL', '하학생', '01048374588', '9829e4c1-7595-4632-a653-9e63085d90ac.jpg', '{bcrypt}$2a$10$6YftD20rfUhXzNNgMN4Pj.0LKm2WQdeBfXQAP4PLPN4Q7g8gt0JAy', 'STD', 1),
	(9, '2023-08-26 02:47:36.778050', '2023-08-26 02:47:36.778050', '대구광역시', NULL, 1, '2023-01-08', 'detail address', 'std6@naver.com', 'ENROLL', '너학생', '01048374588', '3b06ddb1-e792-4072-b55f-407d4c16e6ba.jpg', '{bcrypt}$2a$10$6YftD20rfUhXzNNgMN4Pj.0LKm2WQdeBfXQAP4PLPN4Q7g8gt0JAy', 'STD', 1),
	(10, '2023-08-26 02:47:58.050487', '2023-08-26 02:47:58.050487', '대구광역시', NULL, 1, '2023-02-14', 'detail address', 'std7@naver.com', 'ENROLL', '당학생', '01048374588', '65604fa5-05cd-410d-bb12-d1d7225c2a62.jpg', '{bcrypt}$2a$10$6YftD20rfUhXzNNgMN4Pj.0LKm2WQdeBfXQAP4PLPN4Q7g8gt0JAy', 'STD', 1),
	(11, '2023-08-26 02:48:19.614333', '2023-08-26 02:48:19.614333', '대구광역시', NULL, 1, '2023-06-14', 'detail address', 'std8@naver.com', 'ENROLL', '계학생', '01048374588', 'f605d9ca-84cf-4a51-90ea-b5ef70dc4645.jpg', '{bcrypt}$2a$10$6YftD20rfUhXzNNgMN4Pj.0LKm2WQdeBfXQAP4PLPN4Q7g8gt0JAy', 'STD', 1),
	(12, '2023-08-26 02:48:35.659433', '2023-08-26 02:48:35.659433', '대구광역시', NULL, 1, '2023-06-14', 'detail address', 'std9@naver.com', 'ENROLL', '바학학생', '01088434588', '56ddc7fb-fa4d-4107-a7d8-f106383c1d19.jpg', '{bcrypt}$2a$10$6YftD20rfUhXzNNgMN4Pj.0LKm2WQdeBfXQAP4PLPN4Q7g8gt0JAy', 'STD', 1),
	(13, '2023-08-26 02:48:53.056795', '2023-08-26 02:48:53.056795', '대구광역시', NULL, 1, '2023-09-14', 'detail address', 'std10@naver.com', 'ENROLL', '서학생', '01088434588', '8c42ad8b-74a6-42d3-b881-60cc0390ad4f.jpg', '{bcrypt}$2a$10$6YftD20rfUhXzNNgMN4Pj.0LKm2WQdeBfXQAP4PLPN4Q7g8gt0JAy', 'STD', 1),
	(14, '2023-08-26 03:39:41.240088', '2023-08-26 03:39:41.240088', '대구광역시', NULL, 0, '2023-09-14', 'detail address', 'std11@naver.com', 'ENROLL', '박학생', '01088434588', 'd25bc7c7-6987-4b2d-9cd4-a9951b978b92.jpg', '{bcrypt}$2a$10$6YftD20rfUhXzNNgMN4Pj.0LKm2WQdeBfXQAP4PLPN4Q7g8gt0JAy', 'STD', 1),
	(15, '2023-08-26 03:40:03.678134', '2023-08-26 03:40:03.678134', '대구광역시', NULL, 0, '2023-09-14', 'detail address', 'std12@naver.com', 'ENROLL', '봉학생', '01088434588', '7f8588f2-c613-426f-816a-ddefd913cf1a.jpg', '{bcrypt}$2a$10$6YftD20rfUhXzNNgMN4Pj.0LKm2WQdeBfXQAP4PLPN4Q7g8gt0JAy', 'STD', 1),
	(16, '2023-08-26 03:40:41.131564', '2023-08-26 03:40:41.131564', '대구광역시', NULL, 0, '2023-09-14', 'detail address', 'std13@naver.com', 'ENROLL', '성학생', '01095434588', '32c236a1-faa0-477f-96e5-fbcf544500bb.jpg', '{bcrypt}$2a$10$6YftD20rfUhXzNNgMN4Pj.0LKm2WQdeBfXQAP4PLPN4Q7g8gt0JAy', 'STD', 1),
	(17, '2023-08-26 03:40:53.853486', '2023-08-26 03:40:53.853486', '대구광역시', NULL, 0, '2023-09-14', 'detail address', 'std14@naver.com', 'ENROLL', '설학생', '01095434588', '692c093f-0001-45ae-900c-43853de2ff56.jpg', '{bcrypt}$2a$10$6YftD20rfUhXzNNgMN4Pj.0LKm2WQdeBfXQAP4PLPN4Q7g8gt0JAy', 'STD', 1),
	(18, '2023-08-26 03:41:29.719780', '2023-08-26 03:41:29.719780', '대구광역시', NULL, 1, '2023-09-14', 'detail address', 'tc2@naver.com', 'ENROLL', '선생2', '01095434588', 'd20660ab-4342-47bc-9f1b-48fbc0a3aae1.jpg', '{bcrypt}$2a$10$6YftD20rfUhXzNNgMN4Pj.0LKm2WQdeBfXQAP4PLPN4Q7g8gt0JAy', 'TC', 68),
	(19, '2023-08-26 03:41:35.903227', '2023-08-26 03:41:35.903227', '대구광역시', NULL, 1, '2023-09-14', 'detail address', 'tc3@naver.com', 'ENROLL', '선생3', '01095434588', 'ae98dac2-bb91-4957-9728-bf2ba9cf3e6a.jpg', '{bcrypt}$2a$10$6YftD20rfUhXzNNgMN4Pj.0LKm2WQdeBfXQAP4PLPN4Q7g8gt0JAy', 'TC', 69),
	(20, '2023-08-26 03:41:42.195788', '2023-08-26 03:41:42.195788', '대구광역시', NULL, 1, '2023-09-14', 'detail address', 'tc4@naver.com', 'ENROLL', '선생4', '01095434588', 'a03b1b48-754b-4ef4-a52c-fa605ca7f7ec.jpg', '{bcrypt}$2a$10$6YftD20rfUhXzNNgMN4Pj.0LKm2WQdeBfXQAP4PLPN4Q7g8gt0JAy', 'TC', 70),
	(21, '2023-08-26 03:41:48.656683', '2023-08-26 03:41:48.656683', '대구광역시', NULL, 1, '2023-09-14', 'detail address', 'tc5@naver.com', 'ENROLL', '선생5', '01095434588', '1e404c12-1dea-47af-b414-124876c6d08d.jpg', '{bcrypt}$2a$10$6YftD20rfUhXzNNgMN4Pj.0LKm2WQdeBfXQAP4PLPN4Q7g8gt0JAy', 'TC', 71),
	(22, '2023-08-26 03:41:59.454086', '2023-08-26 03:41:59.454086', '대구광역시', NULL, 1, '2023-09-14', 'detail address', 'tc6@naver.com', 'ENROLL', '선생6', '01095434588', '4a705ab0-5b77-4435-aa1f-3b7485e709ce.jpg', '{bcrypt}$2a$10$6YftD20rfUhXzNNgMN4Pj.0LKm2WQdeBfXQAP4PLPN4Q7g8gt0JAy', 'TC', 72),
	(23, '2023-08-26 03:42:07.956431', '2023-08-26 03:42:07.956431', '대구광역시', NULL, 1, '2023-09-14', 'detail address', 'tc7@naver.com', 'ENROLL', '선생7', '01095434588', 'cd777024-86bd-4e4e-b154-83614ffa17ad.jpg', '{bcrypt}$2a$10$6YftD20rfUhXzNNgMN4Pj.0LKm2WQdeBfXQAP4PLPN4Q7g8gt0JAy', 'TC', 73),
	(24, '2023-08-26 03:42:19.414329', '2023-08-26 03:42:19.414329', '대구광역시', '11351a77-df89-48d6-b4d6-dffded2daf90.jpg', 1, '2023-09-14', 'detail address', 'tc8@naver.com', 'ENROLL', '선생8', '01095434588', '54010387-7c47-4fba-afde-d99fde998091.jpg', '{bcrypt}$2a$10$6YftD20rfUhXzNNgMN4Pj.0LKm2WQdeBfXQAP4PLPN4Q7g8gt0JAy', 'TC', 74),
	(25, '2023-08-26 03:42:28.803616', '2023-08-26 03:42:28.803616', '대구광역시', 'db62dfba-1fe4-49f2-a1ea-83bdff47b3cf.jpg', 1, '2023-09-14', 'detail address', 'tc9@naver.com', 'ENROLL', '선생9', '01095434588', '583f5e52-dc73-486e-8c53-fe5d33d0f1d1.jpg', '{bcrypt}$2a$10$6YftD20rfUhXzNNgMN4Pj.0LKm2WQdeBfXQAP4PLPN4Q7g8gt0JAy', 'TC', 75),
	(26, '2023-08-26 03:42:34.923657', '2023-08-26 03:42:34.923657', '대구광역시', 'b4918b88-b679-41d5-ac91-95e8fd079771.jpg', 0, '2023-09-14', 'detail address', 'tc10@naver.com', 'ENROLL', '선생10', '01095434588', '3bba8ec8-647f-4cd2-a89b-2deabfab26c6.jpg', '{bcrypt}$2a$10$6YftD20rfUhXzNNgMN4Pj.0LKm2WQdeBfXQAP4PLPN4Q7g8gt0JAy', 'TC', 76),
	(27, '2023-08-26 03:42:43.375584', '2023-08-26 03:42:43.375584', '대구광역시', '8af4e82c-1b0f-4f1e-9ae5-960a1fe0b0e9.jpg', 0, '2023-09-14', 'detail address', 'tc11@naver.com', 'ENROLL', '선생11', '01095434588', '31582b7d-0d4d-4d96-9f3f-3114ff387b49.jpg', '{bcrypt}$2a$10$6YftD20rfUhXzNNgMN4Pj.0LKm2WQdeBfXQAP4PLPN4Q7g8gt0JAy', 'TC', 77),
	(28, '2023-08-26 03:42:49.015570', '2023-08-26 03:42:49.015570', '대구광역시', 'a83d38a0-e65d-4c7f-9adf-165c2176f717.jpg', 0, '2023-09-14', 'detail address', 'tc12@naver.com', 'ENROLL', '선생12', '01095434588', 'b7813831-2802-41d4-9804-51133956de01.jpg', '{bcrypt}$2a$10$6YftD20rfUhXzNNgMN4Pj.0LKm2WQdeBfXQAP4PLPN4Q7g8gt0JAy', 'TC', 78),
	(30, '2023-08-26 03:43:02.648673', '2023-08-26 03:43:02.648673', '대구광역시', 'd959dc29-1ef8-4dd8-9a79-03ad3fb459ff.jpg', 0, '2023-09-14', 'detail address', 'tc13@naver.com', 'ENROLL', '선생13', '01095434588', '19ec89ec-cf78-4db0-9d28-a3f9b337568b.jpg', '{bcrypt}$2a$10$6YftD20rfUhXzNNgMN4Pj.0LKm2WQdeBfXQAP4PLPN4Q7g8gt0JAy', 'TC', 78),
	(31, '2023-08-26 03:45:59.283755', '2023-08-26 03:45:59.283755', '대구광역시', 'c4c7d45e-37f8-4dca-a1a0-4b562d8c0707.jpg', 1, '2023-09-14', 'detail address', 'tc15@naver.com', 'ENROLL', '승인선생1', '01095434588', '8e110048-0fb3-4187-97c1-7af5f9c77440.jpg', '{bcrypt}$2a$10$6YftD20rfUhXzNNgMN4Pj.0LKm2WQdeBfXQAP4PLPN4Q7g8gt0JAy', 'TC', 79),
	(32, '2023-08-26 03:46:06.361126', '2023-08-26 03:46:06.361126', '대구광역시', '4bf597b2-83a5-457b-8a7d-85acd2d1f469.jpg', 1, '2023-09-14', 'detail address', 'tc16@naver.com', 'ENROLL', '승인선생2', '01095434588', 'e72c45ca-7012-44b2-82ea-46bb07243bbf.jpg', '{bcrypt}$2a$10$6YftD20rfUhXzNNgMN4Pj.0LKm2WQdeBfXQAP4PLPN4Q7g8gt0JAy', 'TC', 80),
	(33, '2023-08-26 03:46:17.574276', '2023-08-26 03:46:17.574276', '대구광역시', 'ba8f2b9e-d9a5-4e44-afe0-22ba70524d57.jpg', 0, '2023-09-14', 'detail address', 'tc17@naver.com', 'ENROLL', '미승인선생3', '01095434588', '6ca4c8ec-e6cd-4512-a122-984d374edc49.jpg', '{bcrypt}$2a$10$6YftD20rfUhXzNNgMN4Pj.0LKm2WQdeBfXQAP4PLPN4Q7g8gt0JAy', 'TC', 81),
	(34, '2023-08-26 03:46:25.959966', '2023-08-26 03:46:25.959966', '대구광역시', '1a033744-17a9-465a-b976-a9191fdaedee.jpg', 0, '2023-09-14', 'detail address', 'tc18@naver.com', 'ENROLL', '미승인선생4', '01095434588', '2edbe749-e06d-4958-823a-f66d5f943864.jpg', '{bcrypt}$2a$10$6YftD20rfUhXzNNgMN4Pj.0LKm2WQdeBfXQAP4PLPN4Q7g8gt0JAy', 'TC', 81);
/*!40000 ALTER TABLE `user` ENABLE KEYS */;

-- 테이블 team_c.van 구조 내보내기
CREATE TABLE IF NOT EXISTS `van` (
  `van_id` bigint(20) unsigned NOT NULL AUTO_INCREMENT,
  `class_num` char(2) NOT NULL,
  `grade` char(1) NOT NULL,
  `year` char(4) NOT NULL,
  `school_id` bigint(20) unsigned NOT NULL,
  PRIMARY KEY (`van_id`),
  UNIQUE KEY `UKreoh4xahdlju29tm4330pktx` (`school_id`,`year`,`grade`,`class_num`),
  CONSTRAINT `FK50f71nic8p6f3hbjn2rcjh2hw` FOREIGN KEY (`school_id`) REFERENCES `school` (`school_id`)
) ENGINE=InnoDB AUTO_INCREMENT=87 DEFAULT CHARSET=utf8mb4 COLLATE=utf8mb4_general_ci;

-- 테이블 데이터 team_c.van:~18 rows (대략적) 내보내기
/*!40000 ALTER TABLE `van` DISABLE KEYS */;
INSERT INTO `van` (`van_id`, `class_num`, `grade`, `year`, `school_id`) VALUES
	(86, '1', '1', '2023', 3),
	(1, '2', '1', '2023', 3),
	(68, '3', '1', '2023', 3),
	(69, '4', '1', '2023', 3),
	(70, '5', '1', '2023', 3),
	(71, '6', '1', '2023', 3),
	(72, '7', '1', '2023', 3),
	(73, '8', '1', '2023', 3),
	(74, '1', '2', '2023', 3),
	(75, '2', '2', '2023', 3),
	(76, '3', '2', '2023', 3),
	(77, '4', '2', '2023', 3),
	(78, '5', '2', '2023', 3),
	(79, '1', '1', '2023', 6),
	(80, '2', '1', '2023', 6),
	(81, '3', '1', '2023', 6),
	(82, '3', '3', '2023', 7),
	(85, '1', '1', '2023', 8),
	(84, '1', '3', '2023', 8),
	(83, '3', '3', '2023', 8);
/*!40000 ALTER TABLE `van` ENABLE KEYS */;

/*!40101 SET SQL_MODE=IFNULL(@OLD_SQL_MODE, '') */;
/*!40014 SET FOREIGN_KEY_CHECKS=IFNULL(@OLD_FOREIGN_KEY_CHECKS, 1) */;
/*!40101 SET CHARACTER_SET_CLIENT=@OLD_CHARACTER_SET_CLIENT */;
/*!40111 SET SQL_NOTES=IFNULL(@OLD_SQL_NOTES, 1) */;
