-- --------------------------------------------------------
-- 호스트:                          192.168.0.144
-- 서버 버전:                        10.11.3-MariaDB - mariadb.org binary distribution
-- 서버 OS:                        Win64
-- HeidiSQL 버전:                  11.3.0.6295
-- --------------------------------------------------------

/*!40101 SET @OLD_CHARACTER_SET_CLIENT=@@CHARACTER_SET_CLIENT */;
/*!40101 SET NAMES utf8 */;
/*!50503 SET NAMES utf8mb4 */;
/*!40014 SET @OLD_FOREIGN_KEY_CHECKS=@@FOREIGN_KEY_CHECKS, FOREIGN_KEY_CHECKS=0 */;
/*!40101 SET @OLD_SQL_MODE=@@SQL_MODE, SQL_MODE='NO_AUTO_VALUE_ON_ZERO' */;
/*!40111 SET @OLD_SQL_NOTES=@@SQL_NOTES, SQL_NOTES=0 */;


-- team_c 데이터베이스 구조 내보내기
CREATE DATABASE IF NOT EXISTS `team_c` /*!40100 DEFAULT CHARACTER SET utf8mb4 COLLATE utf8mb4_general_ci */;
USE `team_c`;

-- 테이블 team_c.aca_result 구조 내보내기
CREATE TABLE IF NOT EXISTS `aca_result` (
  `result_id` bigint(20) NOT NULL AUTO_INCREMENT,
  `user_id` bigint(20) NOT NULL,
  `subject_id` bigint(20) NOT NULL,
  `year` char(4) NOT NULL DEFAULT '',
  `semester` tinyint(4) NOT NULL,
  `mid_final` tinyint(4) NOT NULL COMMENT '중간(1), 기말(2)',
  `score` tinyint(4) NOT NULL,
  `rating` tinyint(4) NOT NULL,
  `class_rank` tinyint(4) NOT NULL,
  `whole_rank` int(11) NOT NULL,
  PRIMARY KEY (`result_id`),
  KEY `FK_user_TO_aca_result_1` (`user_id`),
  KEY `FK_subject_TO_aca_result_1` (`subject_id`),
  CONSTRAINT `FK_subject_TO_aca_result_1` FOREIGN KEY (`subject_id`) REFERENCES `subject` (`subject_id`),
  CONSTRAINT `FK_user_TO_aca_result_1` FOREIGN KEY (`user_id`) REFERENCES `user` (`user_id`)
) ENGINE=InnoDB AUTO_INCREMENT=1809 DEFAULT CHARSET=utf8mb4 COLLATE=utf8mb4_general_ci;

-- 테이블 데이터 team_c.aca_result:~1,689 rows (대략적) 내보내기
/*!40000 ALTER TABLE `aca_result` DISABLE KEYS */;
INSERT INTO `aca_result` (`result_id`, `user_id`, `subject_id`, `year`, `semester`, `mid_final`, `score`, `rating`, `class_rank`, `whole_rank`) VALUES
	(29, 53, 114, '2023', 1, 2, 100, 1, 1, 1),
	(33, 53, 153, '2023', 2, 1, 100, 1, 1, 1),
	(37, 53, 163, '2023', 1, 1, 100, 1, 1, 1),
	(41, 53, 125, '2023', 2, 2, 100, 1, 1, 1),
	(44, 75, 2, '2023', 1, 1, 1, 1, 1, 1),
	(45, 77, 19, '2023', 2, 2, 1, 1, 1, 1),
	(46, 77, 2, '2023', 2, 1, 1, 1, 1, 1),
	(49, 78, 2, '2023', 1, 1, 1, 1, 1, 1),
	(50, 78, 2, '2023', 1, 1, 1, 1, 1, 1),
	(51, 2, 118, '2023', 1, 2, 60, 3, 15, 120),
	(52, 2, 37, '2023', 2, 1, 63, 6, 18, 80),
	(53, 2, 125, '2023', 2, 2, 85, 7, 13, 85),
	(54, 2, 126, '2023', 1, 1, 42, 9, 16, 87),
	(55, 2, 127, '2023', 1, 2, 41, 8, 15, 105),
	(56, 2, 8, '2023', 2, 1, 75, 7, 8, 110),
	(57, 2, 139, '2023', 2, 2, 41, 4, 19, 96),
	(58, 2, 140, '2023', 1, 1, 53, 2, 16, 98),
	(59, 2, 141, '2023', 1, 2, 62, 4, 15, 70),
	(60, 2, 117, '2023', 2, 1, 87, 3, 5, 75),
	(61, 2, 2, '2023', 2, 2, 82, 2, 13, 50),
	(62, 2, 10, '2023', 1, 1, 53, 1, 15, 130),
	(63, 2, 10, '2023', 1, 2, 87, 3, 16, 39),
	(64, 2, 153, '2023', 2, 1, 89, 2, 6, 107),
	(65, 2, 153, '2023', 2, 2, 76, 1, 15, 108),
	(66, 7, 118, '2023', 1, 2, 60, 9, 15, 120),
	(67, 7, 37, '2023', 2, 1, 63, 8, 17, 80),
	(68, 7, 125, '2023', 2, 2, 85, 3, 22, 85),
	(69, 7, 126, '2023', 1, 1, 42, 7, 16, 87),
	(70, 7, 127, '2023', 1, 2, 41, 5, 15, 105),
	(71, 7, 8, '2023', 2, 1, 75, 6, 18, 110),
	(72, 7, 139, '2023', 2, 2, 41, 7, 19, 96),
	(73, 7, 140, '2023', 1, 1, 53, 8, 16, 98),
	(74, 7, 141, '2023', 1, 2, 62, 9, 15, 70),
	(75, 7, 117, '2023', 2, 1, 87, 3, 8, 75),
	(76, 7, 2, '2023', 2, 2, 82, 7, 13, 50),
	(77, 7, 10, '2023', 1, 1, 53, 5, 15, 130),
	(78, 7, 10, '2023', 1, 2, 87, 6, 9, 39),
	(79, 7, 153, '2023', 2, 1, 89, 2, 4, 107),
	(80, 7, 153, '2023', 2, 2, 76, 4, 15, 108),
	(81, 8, 118, '2023', 1, 2, 60, 6, 15, 120),
	(82, 8, 118, '2023', 1, 2, 60, 6, 15, 120),
	(83, 8, 37, '2023', 2, 1, 63, 4, 10, 80),
	(84, 8, 125, '2023', 2, 2, 85, 4, 4, 85),
	(85, 8, 126, '2023', 1, 1, 42, 3, 19, 87),
	(86, 8, 127, '2023', 1, 2, 41, 2, 19, 105),
	(87, 8, 8, '2023', 2, 1, 75, 3, 15, 110),
	(88, 8, 139, '2023', 2, 2, 41, 3, 19, 96),
	(89, 8, 140, '2023', 1, 1, 53, 4, 18, 98),
	(90, 8, 141, '2023', 1, 2, 62, 5, 15, 70),
	(91, 8, 117, '2023', 2, 1, 87, 7, 3, 75),
	(92, 8, 2, '2023', 2, 2, 82, 6, 13, 50),
	(93, 8, 10, '2023', 1, 1, 53, 6, 18, 130),
	(94, 8, 10, '2023', 1, 2, 87, 8, 4, 39),
	(95, 8, 153, '2023', 2, 1, 89, 3, 5, 107),
	(96, 8, 153, '2023', 2, 2, 76, 4, 15, 203),
	(97, 15, 118, '2023', 1, 2, 60, 6, 10, 196),
	(98, 15, 37, '2023', 2, 1, 63, 4, 24, 80),
	(99, 15, 125, '2023', 2, 2, 85, 4, 22, 85),
	(100, 15, 126, '2023', 1, 1, 42, 9, 19, 260),
	(101, 15, 127, '2023', 1, 2, 41, 2, 15, 280),
	(102, 15, 8, '2023', 2, 1, 75, 3, 15, 110),
	(103, 15, 139, '2023', 2, 2, 41, 2, 14, 96),
	(104, 15, 140, '2023', 1, 1, 53, 8, 16, 230),
	(105, 15, 141, '2023', 1, 2, 62, 5, 16, 257),
	(106, 15, 117, '2023', 2, 1, 87, 7, 25, 75),
	(107, 15, 2, '2023', 2, 2, 82, 6, 13, 50),
	(108, 15, 10, '2023', 1, 1, 53, 6, 12, 190),
	(109, 15, 10, '2023', 1, 2, 87, 8, 16, 39),
	(110, 15, 153, '2023', 2, 1, 89, 3, 18, 107),
	(111, 15, 153, '2023', 2, 2, 76, 3, 15, 108),
	(112, 16, 118, '2023', 1, 2, 60, 5, 15, 120),
	(113, 16, 37, '2023', 2, 1, 63, 5, 24, 80),
	(114, 16, 125, '2023', 2, 2, 85, 4, 22, 85),
	(115, 16, 126, '2023', 1, 1, 42, 3, 16, 87),
	(116, 16, 127, '2023', 1, 2, 41, 1, 15, 105),
	(117, 16, 8, '2023', 2, 1, 75, 4, 15, 110),
	(118, 16, 139, '2023', 2, 2, 41, 3, 14, 96),
	(119, 16, 140, '2023', 1, 1, 53, 4, 16, 98),
	(120, 16, 141, '2023', 1, 2, 62, 5, 15, 70),
	(121, 16, 117, '2023', 2, 1, 87, 6, 25, 75),
	(122, 16, 2, '2023', 2, 2, 82, 8, 13, 50),
	(123, 16, 10, '2023', 1, 1, 53, 7, 15, 130),
	(124, 16, 10, '2023', 1, 2, 87, 8, 16, 39),
	(125, 16, 153, '2023', 2, 1, 89, 3, 18, 107),
	(126, 16, 153, '2023', 2, 2, 76, 2, 15, 108),
	(127, 19, 118, '2023', 1, 2, 58, 2, 15, 120),
	(128, 19, 37, '2023', 2, 1, 68, 3, 24, 80),
	(129, 19, 125, '2023', 2, 2, 84, 1, 22, 85),
	(130, 19, 126, '2023', 1, 1, 43, 3, 16, 87),
	(131, 19, 127, '2023', 1, 2, 70, 3, 15, 105),
	(132, 19, 8, '2023', 2, 1, 83, 4, 15, 110),
	(133, 19, 139, '2023', 2, 2, 42, 3, 14, 96),
	(134, 19, 140, '2023', 1, 1, 74, 5, 16, 98),
	(135, 19, 141, '2023', 1, 2, 86, 6, 15, 70),
	(136, 19, 117, '2023', 2, 1, 67, 8, 25, 75),
	(137, 19, 2, '2023', 2, 2, 94, 2, 13, 50),
	(138, 19, 10, '2023', 1, 1, 53, 7, 15, 130),
	(139, 19, 10, '2023', 1, 2, 87, 9, 16, 39),
	(140, 19, 153, '2023', 2, 1, 84, 1, 18, 107),
	(141, 19, 153, '2023', 2, 2, 85, 2, 15, 108),
	(142, 20, 118, '2023', 1, 2, 60, 5, 15, 120),
	(143, 20, 37, '2023', 2, 1, 63, 3, 24, 80),
	(144, 20, 125, '2023', 2, 2, 85, 2, 22, 85),
	(145, 20, 126, '2023', 1, 1, 42, 1, 16, 87),
	(146, 20, 127, '2023', 1, 2, 41, 9, 15, 105),
	(147, 20, 8, '2023', 2, 1, 75, 9, 15, 110),
	(148, 20, 139, '2023', 2, 2, 41, 8, 14, 96),
	(149, 20, 140, '2023', 1, 1, 53, 4, 16, 98),
	(150, 20, 141, '2023', 1, 2, 62, 3, 15, 70),
	(151, 20, 117, '2023', 2, 1, 87, 2, 25, 75),
	(152, 20, 2, '2023', 2, 2, 82, 4, 13, 50),
	(153, 20, 10, '2023', 1, 1, 53, 4, 15, 130),
	(154, 20, 10, '2023', 1, 2, 87, 4, 16, 39),
	(155, 20, 153, '2023', 2, 1, 89, 3, 18, 107),
	(157, 22, 118, '2023', 1, 2, 58, 1, 15, 120),
	(158, 22, 37, '2023', 2, 1, 68, 1, 24, 80),
	(159, 22, 125, '2023', 2, 2, 84, 2, 22, 85),
	(160, 22, 126, '2023', 1, 1, 43, 1, 16, 87),
	(161, 22, 127, '2023', 1, 2, 70, 2, 15, 105),
	(162, 22, 8, '2023', 2, 1, 83, 2, 15, 110),
	(163, 22, 139, '2023', 2, 2, 42, 1, 14, 96),
	(164, 22, 140, '2023', 1, 1, 74, 4, 16, 98),
	(165, 22, 141, '2023', 1, 2, 86, 2, 15, 70),
	(166, 22, 117, '2023', 2, 1, 67, 3, 25, 75),
	(167, 22, 2, '2023', 2, 2, 94, 3, 13, 50),
	(168, 22, 10, '2023', 1, 1, 53, 3, 15, 130),
	(169, 22, 10, '2023', 1, 2, 87, 2, 16, 39),
	(170, 22, 153, '2023', 2, 1, 84, 2, 18, 107),
	(171, 22, 153, '2023', 2, 2, 85, 1, 15, 108),
	(172, 23, 118, '2023', 1, 2, 60, 6, 15, 120),
	(173, 23, 37, '2023', 2, 1, 63, 6, 24, 80),
	(174, 23, 125, '2023', 2, 2, 85, 4, 22, 85),
	(175, 23, 126, '2023', 1, 1, 42, 4, 16, 87),
	(176, 23, 127, '2023', 1, 2, 41, 4, 15, 105),
	(177, 23, 8, '2023', 2, 1, 75, 5, 15, 110),
	(178, 23, 139, '2023', 2, 2, 41, 3, 14, 96),
	(179, 23, 140, '2023', 1, 1, 53, 3, 16, 98),
	(180, 23, 141, '2023', 1, 2, 62, 4, 15, 70),
	(181, 23, 117, '2023', 2, 1, 87, 3, 25, 75),
	(182, 23, 2, '2023', 2, 2, 82, 4, 13, 50),
	(183, 23, 10, '2023', 1, 1, 53, 3, 15, 130),
	(184, 23, 10, '2023', 1, 2, 87, 4, 16, 39),
	(185, 23, 153, '2023', 2, 1, 89, 2, 18, 107),
	(186, 23, 153, '2023', 2, 2, 76, 1, 15, 108),
	(187, 26, 118, '2023', 1, 2, 60, 5, 15, 120),
	(188, 26, 37, '2023', 2, 1, 63, 3, 24, 80),
	(189, 26, 125, '2023', 2, 2, 85, 2, 22, 85),
	(190, 26, 126, '2023', 1, 1, 42, 1, 16, 87),
	(191, 26, 127, '2023', 1, 2, 41, 9, 15, 105),
	(192, 26, 8, '2023', 2, 1, 75, 9, 15, 110),
	(193, 26, 139, '2023', 2, 2, 41, 8, 14, 96),
	(194, 26, 140, '2023', 1, 1, 53, 4, 16, 98),
	(195, 26, 141, '2023', 1, 2, 62, 3, 15, 70),
	(196, 26, 117, '2023', 2, 1, 87, 2, 25, 75),
	(197, 26, 2, '2023', 2, 2, 82, 4, 13, 50),
	(198, 26, 10, '2023', 1, 1, 53, 4, 15, 130),
	(199, 26, 10, '2023', 1, 2, 87, 4, 16, 39),
	(200, 26, 153, '2023', 2, 1, 89, 3, 18, 107),
	(201, 26, 153, '2023', 2, 2, 76, 4, 15, 108),
	(202, 31, 118, '2023', 1, 2, 60, 9, 15, 120),
	(203, 31, 37, '2023', 2, 1, 63, 9, 24, 80),
	(204, 31, 125, '2023', 2, 2, 85, 9, 22, 85),
	(205, 31, 126, '2023', 1, 1, 42, 6, 16, 87),
	(206, 31, 127, '2023', 1, 2, 41, 7, 15, 105),
	(207, 31, 8, '2023', 2, 1, 75, 8, 15, 110),
	(208, 31, 139, '2023', 2, 2, 41, 8, 14, 96),
	(209, 31, 140, '2023', 1, 1, 53, 7, 16, 98),
	(210, 31, 141, '2023', 1, 2, 62, 7, 15, 70),
	(211, 31, 117, '2023', 2, 1, 87, 7, 25, 75),
	(212, 31, 2, '2023', 2, 2, 82, 6, 13, 50),
	(213, 31, 10, '2023', 1, 1, 53, 5, 15, 130),
	(214, 31, 10, '2023', 1, 2, 87, 7, 16, 39),
	(215, 31, 153, '2023', 2, 1, 89, 5, 18, 107),
	(216, 31, 153, '2023', 2, 2, 76, 6, 15, 108),
	(217, 31, 118, '2023', 1, 2, 60, 8, 15, 120),
	(218, 31, 37, '2023', 2, 1, 63, 7, 24, 80),
	(219, 31, 125, '2023', 2, 2, 85, 8, 22, 85),
	(220, 31, 126, '2023', 1, 1, 42, 7, 16, 87),
	(221, 31, 127, '2023', 1, 2, 41, 8, 15, 105),
	(222, 31, 8, '2023', 2, 1, 75, 9, 15, 110),
	(223, 31, 139, '2023', 2, 2, 41, 9, 14, 96),
	(224, 31, 140, '2023', 1, 1, 53, 8, 16, 98),
	(225, 31, 141, '2023', 1, 2, 62, 8, 15, 70),
	(226, 31, 117, '2023', 2, 1, 87, 6, 25, 75),
	(227, 31, 2, '2023', 2, 2, 82, 7, 13, 50),
	(228, 31, 10, '2023', 1, 1, 53, 6, 15, 130),
	(229, 31, 10, '2023', 1, 2, 87, 8, 16, 39),
	(230, 31, 153, '2023', 2, 1, 89, 6, 18, 107),
	(231, 31, 153, '2023', 2, 2, 76, 7, 15, 108),
	(262, 40, 3, '2023', 1, 1, 100, 1, 1, 1),
	(264, 40, 10, '2023', 1, 1, 100, 1, 1, 1),
	(266, 40, 3, '2023', 1, 2, 95, 2, 3, 3),
	(267, 40, 10, '2023', 1, 2, 80, 3, 7, 10),
	(268, 40, 3, '2023', 2, 1, 75, 3, 15, 15),
	(269, 40, 10, '2023', 2, 1, 60, 5, 16, 17),
	(270, 40, 3, '2023', 2, 2, 95, 1, 2, 3),
	(271, 40, 10, '2023', 2, 2, 99, 1, 1, 1),
	(288, 94, 1, '2023', 1, 1, 92, 2, 11, 103),
	(289, 94, 129, '2023', 1, 1, 90, 4, 18, 164),
	(290, 94, 10, '2023', 1, 1, 91, 7, 19, 150),
	(291, 94, 21, '2023', 1, 1, 91, 7, 2, 68),
	(292, 94, 143, '2023', 1, 1, 94, 8, 11, 82),
	(293, 94, 54, '2023', 1, 1, 99, 4, 5, 96),
	(294, 94, 62, '2023', 1, 1, 68, 9, 5, 179),
	(295, 94, 39, '2023', 1, 1, 65, 1, 17, 104),
	(296, 94, 119, '2023', 1, 2, 65, 4, 9, 184),
	(297, 94, 132, '2023', 1, 2, 51, 8, 10, 175),
	(298, 94, 19, '2023', 1, 2, 80, 7, 8, 105),
	(299, 94, 153, '2023', 1, 2, 61, 9, 9, 90),
	(300, 94, 144, '2023', 1, 2, 69, 8, 3, 30),
	(301, 94, 55, '2023', 1, 2, 90, 8, 14, 152),
	(302, 94, 61, '2023', 1, 2, 63, 9, 18, 112),
	(303, 94, 89, '2023', 1, 2, 79, 6, 14, 120),
	(304, 95, 1, '2023', 1, 1, 71, 1, 39, 119),
	(305, 95, 129, '2023', 1, 1, 60, 8, 25, 99),
	(306, 95, 10, '2023', 1, 1, 57, 8, 7, 114),
	(307, 95, 21, '2023', 1, 1, 98, 6, 5, 150),
	(308, 95, 143, '2023', 1, 1, 51, 2, 21, 166),
	(309, 95, 54, '2023', 1, 1, 91, 2, 10, 70),
	(310, 95, 62, '2023', 1, 1, 80, 7, 22, 64),
	(311, 95, 39, '2023', 1, 1, 81, 7, 14, 59),
	(312, 95, 119, '2023', 1, 2, 54, 5, 15, 139),
	(313, 95, 132, '2023', 1, 2, 56, 7, 29, 156),
	(314, 95, 19, '2023', 1, 2, 72, 1, 27, 164),
	(315, 95, 153, '2023', 1, 2, 60, 1, 1, 188),
	(316, 95, 144, '2023', 1, 2, 56, 1, 19, 73),
	(317, 95, 55, '2023', 1, 2, 53, 1, 8, 90),
	(318, 95, 61, '2023', 1, 2, 53, 1, 12, 128),
	(319, 95, 89, '2023', 1, 2, 54, 7, 2, 147),
	(320, 98, 1, '2023', 1, 1, 60, 3, 29, 60),
	(321, 98, 129, '2023', 1, 1, 58, 7, 4, 51),
	(322, 98, 10, '2023', 1, 1, 71, 5, 28, 69),
	(323, 98, 21, '2023', 1, 1, 57, 4, 15, 159),
	(324, 98, 143, '2023', 1, 1, 74, 2, 21, 181),
	(325, 98, 54, '2023', 1, 1, 56, 9, 29, 160),
	(326, 98, 62, '2023', 1, 1, 75, 5, 18, 167),
	(327, 98, 39, '2023', 1, 1, 65, 7, 11, 142),
	(328, 98, 119, '2023', 1, 2, 90, 9, 11, 187),
	(329, 98, 132, '2023', 1, 2, 66, 6, 4, 122),
	(330, 98, 19, '2023', 1, 2, 85, 7, 6, 96),
	(331, 98, 153, '2023', 1, 2, 97, 7, 1, 118),
	(332, 98, 144, '2023', 1, 2, 95, 2, 20, 102),
	(333, 98, 55, '2023', 1, 2, 79, 1, 8, 171),
	(334, 98, 61, '2023', 1, 2, 97, 3, 10, 125),
	(335, 98, 89, '2023', 1, 2, 95, 9, 9, 55),
	(336, 99, 1, '2023', 1, 1, 84, 5, 11, 92),
	(337, 99, 129, '2023', 1, 1, 69, 3, 10, 99),
	(338, 99, 10, '2023', 1, 1, 95, 5, 10, 99),
	(339, 99, 21, '2023', 1, 1, 95, 6, 12, 140),
	(340, 99, 143, '2023', 1, 1, 88, 9, 13, 100),
	(341, 99, 54, '2023', 1, 1, 62, 6, 15, 142),
	(342, 99, 62, '2023', 1, 1, 61, 5, 15, 92),
	(343, 99, 39, '2023', 1, 1, 56, 4, 18, 240),
	(344, 99, 119, '2023', 1, 2, 89, 2, 14, 155),
	(345, 99, 132, '2023', 1, 2, 83, 8, 10, 192),
	(346, 99, 19, '2023', 1, 2, 62, 5, 1, 163),
	(347, 99, 153, '2023', 1, 2, 95, 6, 16, 186),
	(348, 99, 144, '2023', 1, 2, 71, 9, 13, 148),
	(349, 99, 55, '2023', 1, 2, 8, 7, 19, 260),
	(350, 99, 61, '2023', 1, 2, 69, 8, 1, 2),
	(351, 99, 89, '2023', 1, 2, 82, 9, 2, 14),
	(352, 100, 1, '2023', 1, 1, 68, 6, 27, 104),
	(353, 100, 129, '2023', 1, 1, 94, 6, 13, 170),
	(354, 100, 10, '2023', 1, 1, 77, 8, 21, 187),
	(355, 100, 21, '2023', 1, 1, 77, 5, 26, 193),
	(356, 100, 143, '2023', 1, 1, 92, 9, 8, 72),
	(357, 100, 54, '2023', 1, 1, 83, 4, 29, 99),
	(358, 100, 62, '2023', 1, 1, 84, 8, 13, 148),
	(359, 100, 39, '2023', 1, 1, 63, 9, 15, 178),
	(360, 100, 119, '2023', 1, 2, 77, 6, 11, 50),
	(361, 100, 132, '2023', 1, 2, 67, 9, 17, 95),
	(362, 100, 19, '2023', 1, 2, 89, 8, 14, 191),
	(363, 100, 153, '2023', 1, 2, 91, 1, 17, 187),
	(364, 100, 144, '2023', 1, 2, 75, 7, 11, 112),
	(365, 100, 55, '2023', 1, 2, 60, 3, 22, 52),
	(366, 100, 61, '2023', 1, 2, 84, 9, 19, 93),
	(367, 100, 89, '2023', 1, 2, 63, 7, 11, 103),
	(368, 101, 1, '2023', 1, 1, 66, 2, 36, 199),
	(369, 101, 129, '2023', 1, 1, 99, 7, 17, 59),
	(370, 101, 10, '2023', 1, 1, 90, 8, 19, 118),
	(371, 101, 21, '2023', 1, 1, 83, 3, 10, 155),
	(372, 101, 143, '2023', 1, 1, 71, 1, 13, 102),
	(373, 101, 54, '2023', 1, 1, 98, 1, 7, 122),
	(374, 101, 62, '2023', 1, 1, 84, 7, 12, 86),
	(375, 101, 39, '2023', 1, 1, 76, 2, 27, 76),
	(376, 101, 119, '2023', 1, 2, 53, 1, 28, 133),
	(377, 101, 132, '2023', 1, 2, 73, 1, 22, 64),
	(378, 101, 19, '2023', 1, 2, 91, 2, 20, 176),
	(379, 101, 153, '2023', 1, 2, 98, 6, 8, 192),
	(380, 101, 144, '2023', 1, 2, 96, 7, 25, 149),
	(381, 101, 55, '2023', 1, 2, 79, 3, 1, 86),
	(382, 101, 61, '2023', 1, 2, 66, 9, 21, 63),
	(383, 101, 89, '2023', 1, 2, 96, 5, 20, 132),
	(384, 102, 1, '2023', 1, 1, 81, 7, 32, 60),
	(385, 102, 129, '2023', 1, 1, 90, 2, 28, 79),
	(386, 102, 10, '2023', 1, 1, 64, 9, 29, 184),
	(387, 102, 21, '2023', 1, 1, 60, 4, 23, 122),
	(388, 102, 143, '2023', 1, 1, 81, 4, 19, 185),
	(389, 102, 54, '2023', 1, 1, 60, 7, 18, 111),
	(390, 102, 62, '2023', 1, 1, 61, 3, 13, 133),
	(391, 102, 39, '2023', 1, 1, 53, 7, 21, 151),
	(392, 102, 119, '2023', 1, 2, 81, 9, 29, 86),
	(393, 102, 132, '2023', 1, 2, 90, 2, 26, 189),
	(394, 102, 19, '2023', 1, 2, 53, 3, 12, 106),
	(395, 102, 153, '2023', 1, 2, 99, 7, 20, 55),
	(396, 102, 144, '2023', 1, 2, 56, 1, 17, 144),
	(397, 102, 55, '2023', 1, 2, 72, 5, 26, 135),
	(398, 102, 61, '2023', 1, 2, 83, 7, 24, 70),
	(399, 102, 89, '2023', 1, 2, 75, 9, 23, 67),
	(400, 103, 1, '2023', 1, 1, 88, 1, 31, 75),
	(401, 103, 129, '2023', 1, 1, 84, 4, 11, 174),
	(402, 103, 10, '2023', 1, 1, 50, 6, 29, 96),
	(403, 103, 21, '2023', 1, 1, 50, 8, 1, 96),
	(404, 103, 143, '2023', 1, 1, 60, 2, 17, 118),
	(405, 103, 54, '2023', 1, 1, 86, 4, 16, 89),
	(406, 103, 62, '2023', 1, 1, 63, 2, 28, 177),
	(407, 103, 39, '2023', 1, 1, 56, 8, 19, 172),
	(408, 103, 119, '2023', 1, 2, 97, 9, 12, 79),
	(409, 103, 132, '2023', 1, 2, 91, 4, 26, 122),
	(410, 103, 19, '2023', 1, 2, 59, 2, 22, 193),
	(411, 103, 153, '2023', 1, 2, 99, 5, 8, 64),
	(412, 103, 144, '2023', 1, 2, 76, 7, 17, 66),
	(413, 103, 55, '2023', 1, 2, 75, 6, 3, 167),
	(414, 103, 61, '2023', 1, 2, 94, 2, 2, 133),
	(415, 103, 89, '2023', 1, 2, 85, 2, 12, 153),
	(416, 104, 1, '2023', 1, 1, 73, 6, 43, 61),
	(417, 104, 129, '2023', 1, 1, 99, 8, 17, 97),
	(418, 104, 10, '2023', 1, 1, 74, 1, 15, 173),
	(419, 104, 21, '2023', 1, 1, 71, 1, 11, 81),
	(420, 104, 143, '2023', 1, 1, 64, 6, 25, 179),
	(421, 104, 54, '2023', 1, 1, 99, 9, 17, 199),
	(422, 104, 62, '2023', 1, 1, 85, 1, 8, 53),
	(423, 104, 39, '2023', 1, 1, 87, 4, 4, 70),
	(424, 104, 119, '2023', 1, 2, 87, 7, 8, 111),
	(425, 104, 132, '2023', 1, 2, 76, 8, 3, 190),
	(426, 104, 19, '2023', 1, 2, 63, 8, 27, 81),
	(427, 104, 153, '2023', 1, 2, 79, 1, 7, 82),
	(428, 104, 144, '2023', 1, 2, 88, 9, 10, 70),
	(429, 104, 55, '2023', 1, 2, 82, 1, 4, 54),
	(430, 104, 61, '2023', 1, 2, 78, 1, 12, 60),
	(431, 104, 89, '2023', 1, 2, 69, 3, 1, 166),
	(432, 105, 1, '2023', 1, 1, 55, 3, 29, 131),
	(433, 105, 129, '2023', 1, 1, 88, 1, 28, 55),
	(434, 105, 10, '2023', 1, 1, 96, 9, 10, 124),
	(435, 105, 21, '2023', 1, 1, 88, 3, 2, 58),
	(436, 105, 143, '2023', 1, 1, 59, 2, 14, 181),
	(437, 105, 54, '2023', 1, 1, 83, 8, 9, 174),
	(438, 105, 62, '2023', 1, 1, 88, 1, 8, 159),
	(439, 105, 39, '2023', 1, 1, 70, 1, 22, 107),
	(440, 105, 119, '2023', 1, 2, 77, 7, 23, 88),
	(441, 105, 132, '2023', 1, 2, 89, 5, 23, 146),
	(442, 105, 19, '2023', 1, 2, 83, 2, 25, 166),
	(443, 105, 153, '2023', 1, 2, 89, 5, 10, 52),
	(444, 105, 144, '2023', 1, 2, 80, 4, 18, 136),
	(445, 105, 55, '2023', 1, 2, 57, 8, 15, 191),
	(446, 105, 61, '2023', 1, 2, 56, 4, 15, 176),
	(447, 105, 89, '2023', 1, 2, 73, 3, 20, 132),
	(448, 106, 1, '2023', 1, 1, 88, 7, 28, 193),
	(449, 106, 129, '2023', 1, 1, 97, 1, 3, 188),
	(450, 106, 10, '2023', 1, 1, 59, 3, 16, 64),
	(451, 106, 21, '2023', 1, 1, 56, 4, 20, 169),
	(452, 106, 143, '2023', 1, 1, 80, 2, 3, 151),
	(453, 106, 54, '2023', 1, 1, 92, 5, 16, 73),
	(454, 106, 62, '2023', 1, 1, 63, 5, 14, 193),
	(455, 106, 39, '2023', 1, 1, 63, 7, 3, 85),
	(456, 106, 119, '2023', 1, 2, 87, 9, 20, 116),
	(457, 106, 132, '2023', 1, 2, 83, 9, 24, 104),
	(458, 106, 19, '2023', 1, 2, 75, 8, 3, 91),
	(459, 106, 153, '2023', 1, 2, 73, 9, 29, 139),
	(460, 106, 144, '2023', 1, 2, 89, 1, 24, 145),
	(461, 106, 55, '2023', 1, 2, 60, 4, 28, 138),
	(462, 106, 61, '2023', 1, 2, 96, 2, 17, 90),
	(463, 106, 89, '2023', 1, 2, 55, 8, 4, 165),
	(464, 107, 1, '2023', 1, 1, 59, 7, 26, 160),
	(465, 107, 129, '2023', 1, 1, 79, 2, 20, 74),
	(466, 107, 10, '2023', 1, 1, 53, 5, 6, 184),
	(467, 107, 21, '2023', 1, 1, 63, 7, 7, 85),
	(468, 107, 143, '2023', 1, 1, 97, 6, 20, 139),
	(469, 107, 54, '2023', 1, 1, 59, 9, 26, 156),
	(470, 107, 62, '2023', 1, 1, 96, 4, 15, 140),
	(471, 107, 39, '2023', 1, 1, 74, 5, 17, 136),
	(472, 107, 119, '2023', 1, 2, 90, 3, 12, 81),
	(473, 107, 132, '2023', 1, 2, 95, 3, 9, 172),
	(474, 107, 19, '2023', 1, 2, 92, 5, 19, 100),
	(475, 107, 153, '2023', 1, 2, 83, 6, 26, 55),
	(476, 107, 144, '2023', 1, 2, 96, 8, 10, 154),
	(477, 107, 55, '2023', 1, 2, 67, 3, 19, 122),
	(478, 107, 61, '2023', 1, 2, 93, 1, 29, 199),
	(479, 107, 89, '2023', 1, 2, 75, 9, 12, 173),
	(480, 108, 1, '2023', 1, 1, 58, 6, 43, 82),
	(481, 108, 129, '2023', 1, 1, 72, 9, 12, 73),
	(482, 108, 10, '2023', 1, 1, 55, 5, 29, 120),
	(483, 108, 21, '2023', 1, 1, 51, 3, 11, 80),
	(484, 108, 143, '2023', 1, 1, 89, 9, 4, 158),
	(485, 108, 54, '2023', 1, 1, 86, 3, 29, 104),
	(486, 108, 62, '2023', 1, 1, 75, 4, 2, 176),
	(487, 108, 43, '2023', 1, 1, 64, 6, 4, 83),
	(488, 108, 119, '2023', 1, 2, 89, 4, 29, 56),
	(489, 108, 132, '2023', 1, 2, 72, 4, 22, 180),
	(490, 108, 19, '2023', 1, 2, 78, 1, 24, 190),
	(491, 108, 153, '2023', 1, 2, 79, 1, 3, 12),
	(492, 108, 144, '2023', 1, 2, 89, 8, 26, 85),
	(493, 108, 55, '2023', 1, 2, 63, 1, 24, 102),
	(494, 108, 61, '2023', 1, 2, 71, 7, 8, 165),
	(495, 108, 93, '2023', 1, 2, 55, 9, 15, 106),
	(496, 109, 1, '2023', 1, 1, 57, 9, 30, 134),
	(497, 109, 129, '2023', 1, 1, 97, 1, 4, 81),
	(498, 109, 10, '2023', 1, 1, 98, 8, 25, 163),
	(499, 109, 21, '2023', 1, 1, 54, 9, 20, 127),
	(500, 109, 143, '2023', 1, 1, 50, 1, 24, 74),
	(501, 109, 54, '2023', 1, 1, 93, 4, 8, 64),
	(502, 109, 62, '2023', 1, 1, 65, 2, 5, 85),
	(503, 109, 43, '2023', 1, 1, 70, 3, 29, 137),
	(504, 109, 119, '2023', 1, 2, 99, 2, 14, 145),
	(505, 109, 132, '2023', 1, 2, 86, 4, 11, 53),
	(506, 109, 19, '2023', 1, 2, 74, 9, 15, 66),
	(507, 109, 153, '2023', 1, 2, 57, 7, 4, 141),
	(508, 109, 144, '2023', 1, 2, 51, 1, 4, 126),
	(509, 109, 55, '2023', 1, 2, 80, 1, 11, 125),
	(510, 109, 61, '2023', 1, 2, 90, 4, 25, 169),
	(511, 109, 93, '2023', 1, 2, 82, 8, 10, 146),
	(512, 110, 1, '2023', 1, 1, 71, 4, 45, 194),
	(513, 110, 129, '2023', 1, 1, 74, 2, 29, 171),
	(514, 110, 10, '2023', 1, 1, 85, 7, 1, 125),
	(515, 110, 21, '2023', 1, 1, 67, 9, 2, 113),
	(516, 110, 143, '2023', 1, 1, 93, 4, 22, 193),
	(517, 110, 54, '2023', 1, 1, 69, 9, 25, 101),
	(518, 110, 62, '2023', 1, 1, 94, 1, 8, 79),
	(519, 110, 43, '2023', 1, 1, 95, 8, 25, 66),
	(520, 110, 119, '2023', 1, 2, 85, 2, 14, 155),
	(521, 110, 132, '2023', 1, 2, 96, 6, 26, 171),
	(522, 110, 19, '2023', 1, 2, 65, 3, 24, 102),
	(523, 110, 153, '2023', 1, 2, 52, 8, 14, 168),
	(524, 110, 144, '2023', 1, 2, 65, 1, 2, 159),
	(525, 110, 55, '2023', 1, 2, 76, 6, 8, 104),
	(526, 110, 61, '2023', 1, 2, 86, 2, 9, 146),
	(527, 110, 93, '2023', 1, 2, 60, 7, 1, 159),
	(528, 111, 1, '2023', 1, 1, 82, 4, 37, 185),
	(529, 111, 129, '2023', 1, 1, 85, 3, 25, 159),
	(530, 111, 10, '2023', 1, 1, 59, 2, 7, 130),
	(531, 111, 21, '2023', 1, 1, 55, 8, 29, 181),
	(532, 111, 143, '2023', 1, 1, 50, 1, 17, 176),
	(533, 111, 54, '2023', 1, 1, 79, 5, 14, 155),
	(534, 111, 62, '2023', 1, 1, 54, 7, 25, 182),
	(535, 111, 43, '2023', 1, 1, 96, 9, 2, 132),
	(536, 111, 119, '2023', 1, 2, 78, 2, 25, 64),
	(537, 111, 132, '2023', 1, 2, 63, 8, 22, 137),
	(538, 111, 19, '2023', 1, 2, 77, 3, 19, 90),
	(539, 111, 153, '2023', 1, 2, 96, 5, 16, 56),
	(540, 111, 144, '2023', 1, 2, 81, 4, 9, 159),
	(541, 111, 55, '2023', 1, 2, 76, 6, 21, 159),
	(542, 111, 61, '2023', 1, 2, 75, 6, 7, 59),
	(543, 111, 93, '2023', 1, 2, 69, 2, 21, 58),
	(560, 113, 1, '2023', 1, 1, 57, 6, 49, 190),
	(561, 113, 129, '2023', 1, 1, 88, 5, 3, 116),
	(562, 113, 10, '2023', 1, 1, 62, 3, 3, 73),
	(563, 113, 21, '2023', 1, 1, 72, 3, 4, 74),
	(564, 113, 143, '2023', 1, 1, 91, 4, 20, 68),
	(565, 113, 54, '2023', 1, 1, 50, 5, 26, 60),
	(566, 113, 62, '2023', 1, 1, 76, 5, 18, 104),
	(567, 113, 43, '2023', 1, 1, 59, 6, 17, 77),
	(568, 113, 119, '2023', 1, 2, 74, 8, 8, 59),
	(569, 113, 132, '2023', 1, 2, 99, 5, 17, 125),
	(570, 113, 19, '2023', 1, 2, 64, 2, 11, 183),
	(571, 113, 153, '2023', 1, 2, 57, 2, 2, 132),
	(572, 113, 144, '2023', 1, 2, 82, 7, 4, 122),
	(573, 113, 55, '2023', 1, 2, 92, 1, 7, 58),
	(574, 113, 61, '2023', 1, 2, 61, 1, 26, 164),
	(575, 113, 93, '2023', 1, 2, 65, 1, 13, 166),
	(576, 114, 1, '2023', 1, 1, 90, 4, 20, 111),
	(577, 114, 129, '2023', 1, 1, 88, 2, 3, 98),
	(578, 114, 10, '2023', 1, 1, 55, 4, 21, 186),
	(579, 114, 21, '2023', 1, 1, 83, 5, 5, 103),
	(580, 114, 143, '2023', 1, 1, 78, 2, 10, 81),
	(581, 114, 54, '2023', 1, 1, 59, 3, 20, 64),
	(582, 114, 62, '2023', 1, 1, 95, 2, 14, 132),
	(583, 114, 43, '2023', 1, 1, 76, 3, 17, 158),
	(584, 114, 119, '2023', 1, 2, 74, 9, 9, 114),
	(585, 114, 132, '2023', 1, 2, 60, 4, 7, 51),
	(586, 114, 19, '2023', 1, 2, 89, 4, 18, 157),
	(587, 114, 153, '2023', 1, 2, 71, 3, 14, 103),
	(588, 114, 144, '2023', 1, 2, 63, 7, 14, 133),
	(589, 114, 55, '2023', 1, 2, 76, 9, 2, 142),
	(590, 114, 61, '2023', 1, 2, 62, 2, 21, 189),
	(591, 114, 93, '2023', 1, 2, 76, 8, 26, 152),
	(592, 115, 1, '2023', 1, 1, 93, 2, 45, 55),
	(593, 115, 129, '2023', 1, 1, 78, 5, 18, 79),
	(594, 115, 10, '2023', 1, 1, 88, 8, 16, 115),
	(595, 115, 21, '2023', 1, 1, 89, 8, 23, 92),
	(596, 115, 143, '2023', 1, 1, 80, 8, 3, 193),
	(597, 115, 54, '2023', 1, 1, 62, 3, 21, 149),
	(598, 115, 62, '2023', 1, 1, 68, 1, 25, 75),
	(599, 115, 43, '2023', 1, 1, 78, 7, 18, 173),
	(600, 115, 119, '2023', 1, 2, 60, 1, 23, 50),
	(601, 115, 132, '2023', 1, 2, 61, 2, 21, 52),
	(602, 115, 19, '2023', 1, 2, 53, 4, 25, 114),
	(603, 115, 153, '2023', 1, 2, 55, 3, 19, 97),
	(604, 115, 144, '2023', 1, 2, 55, 3, 12, 87),
	(605, 115, 55, '2023', 1, 2, 63, 9, 6, 176),
	(606, 115, 61, '2023', 1, 2, 81, 2, 13, 59),
	(607, 115, 93, '2023', 1, 2, 77, 4, 7, 56),
	(609, 93, 2, '2022', 1, 1, 98, 4, 10, 78),
	(610, 93, 130, '2022', 1, 1, 72, 4, 11, 110),
	(611, 93, 142, '2022', 1, 1, 84, 3, 8, 107),
	(612, 93, 10, '2022', 1, 1, 69, 6, 18, 188),
	(613, 93, 54, '2022', 1, 1, 95, 4, 16, 51),
	(614, 93, 63, '2022', 1, 1, 52, 9, 15, 99),
	(615, 93, 107, '2022', 1, 1, 96, 2, 16, 89),
	(616, 93, 120, '2022', 1, 2, 52, 6, 12, 151),
	(617, 93, 133, '2022', 1, 2, 86, 3, 8, 62),
	(618, 93, 145, '2022', 1, 2, 75, 4, 9, 70),
	(619, 93, 153, '2022', 1, 2, 67, 3, 13, 152),
	(620, 93, 56, '2022', 1, 2, 98, 2, 19, 130),
	(621, 93, 70, '2022', 1, 2, 99, 1, 17, 181),
	(622, 93, 99, '2022', 1, 2, 67, 5, 21, 90),
	(623, 93, 3, '2022', 2, 1, 91, 1, 18, 157),
	(624, 93, 128, '2022', 2, 1, 91, 1, 7, 25),
	(625, 93, 147, '2022', 2, 1, 69, 5, 10, 160),
	(626, 93, 10, '2022', 2, 1, 73, 5, 19, 181),
	(627, 93, 55, '2022', 2, 1, 52, 5, 10, 121),
	(628, 93, 63, '2022', 2, 1, 92, 7, 14, 167),
	(629, 93, 108, '2022', 2, 1, 78, 4, 12, 86),
	(631, 93, 134, '2022', 2, 2, 78, 3, 11, 123),
	(632, 93, 148, '2022', 2, 2, 70, 7, 13, 156),
	(633, 93, 153, '2022', 2, 2, 89, 4, 11, 151),
	(634, 93, 57, '2022', 2, 2, 55, 7, 14, 113),
	(635, 93, 77, '2022', 2, 2, 80, 3, 12, 160),
	(636, 93, 99, '2022', 2, 2, 94, 2, 19, 118),
	(637, 94, 2, '2022', 1, 1, 66, 9, 19, 140),
	(638, 94, 130, '2022', 1, 1, 51, 2, 10, 112),
	(639, 94, 142, '2022', 1, 1, 99, 6, 13, 178),
	(640, 94, 10, '2022', 1, 1, 96, 7, 14, 122),
	(641, 94, 54, '2022', 1, 1, 59, 6, 20, 60),
	(642, 94, 63, '2022', 1, 1, 66, 8, 22, 129),
	(643, 94, 107, '2022', 1, 1, 91, 1, 23, 80),
	(644, 94, 120, '2022', 1, 2, 85, 2, 11, 158),
	(645, 94, 133, '2022', 1, 2, 62, 8, 21, 175),
	(646, 94, 145, '2022', 1, 2, 65, 8, 20, 92),
	(647, 94, 153, '2022', 1, 2, 60, 4, 14, 177),
	(648, 94, 56, '2022', 1, 2, 79, 4, 24, 78),
	(649, 94, 70, '2022', 1, 2, 55, 9, 23, 83),
	(650, 94, 99, '2022', 1, 2, 67, 9, 23, 140),
	(651, 94, 3, '2022', 2, 1, 69, 6, 12, 50),
	(652, 94, 128, '2022', 2, 1, 50, 7, 20, 199),
	(653, 94, 147, '2022', 2, 1, 94, 6, 16, 93),
	(654, 94, 10, '2022', 2, 1, 65, 8, 23, 106),
	(655, 94, 55, '2022', 2, 1, 86, 4, 13, 167),
	(656, 94, 63, '2022', 2, 1, 96, 4, 18, 126),
	(657, 94, 108, '2022', 2, 1, 91, 3, 20, 169),
	(658, 94, 122, '2022', 2, 1, 99, 8, 10, 172),
	(659, 94, 134, '2022', 2, 2, 91, 6, 16, 70),
	(660, 94, 148, '2022', 2, 2, 58, 8, 14, 162),
	(661, 94, 153, '2022', 2, 2, 89, 6, 16, 107),
	(662, 94, 57, '2022', 2, 2, 53, 7, 23, 160),
	(663, 94, 77, '2022', 2, 2, 58, 1, 11, 171),
	(664, 94, 99, '2022', 2, 2, 89, 1, 16, 80),
	(665, 95, 2, '2022', 1, 1, 54, 7, 17, 80),
	(666, 95, 130, '2022', 1, 1, 88, 4, 13, 84),
	(667, 95, 142, '2022', 1, 1, 83, 3, 21, 80),
	(668, 95, 10, '2022', 1, 1, 81, 5, 22, 126),
	(669, 95, 54, '2022', 1, 1, 69, 8, 21, 187),
	(670, 95, 63, '2022', 1, 1, 68, 6, 21, 118),
	(671, 95, 107, '2022', 1, 1, 77, 7, 15, 52),
	(672, 95, 120, '2022', 1, 2, 58, 4, 20, 177),
	(673, 95, 133, '2022', 1, 2, 78, 7, 14, 198),
	(674, 95, 145, '2022', 1, 2, 79, 5, 16, 125),
	(675, 95, 153, '2022', 1, 2, 78, 1, 14, 130),
	(676, 95, 56, '2022', 1, 2, 64, 8, 15, 110),
	(677, 95, 70, '2022', 1, 2, 53, 5, 21, 197),
	(678, 95, 99, '2022', 1, 2, 82, 2, 14, 186),
	(679, 95, 3, '2022', 2, 1, 95, 1, 14, 167),
	(680, 95, 128, '2022', 2, 1, 79, 8, 12, 142),
	(681, 95, 147, '2022', 2, 1, 64, 5, 17, 143),
	(682, 95, 10, '2022', 2, 1, 54, 9, 17, 119),
	(683, 95, 55, '2022', 2, 1, 60, 4, 16, 117),
	(684, 95, 63, '2022', 2, 1, 79, 8, 19, 58),
	(685, 95, 108, '2022', 2, 1, 53, 7, 22, 104),
	(686, 95, 122, '2022', 2, 1, 86, 4, 21, 97),
	(687, 95, 134, '2022', 2, 2, 74, 1, 20, 138),
	(688, 95, 148, '2022', 2, 2, 74, 7, 14, 103),
	(689, 95, 153, '2022', 2, 2, 69, 6, 24, 100),
	(690, 95, 57, '2022', 2, 2, 95, 2, 24, 170),
	(691, 95, 77, '2022', 2, 2, 65, 7, 18, 78),
	(692, 95, 99, '2022', 2, 2, 91, 3, 14, 78),
	(693, 98, 2, '2022', 1, 1, 69, 4, 22, 75),
	(694, 98, 130, '2022', 1, 1, 86, 2, 24, 179),
	(695, 98, 142, '2022', 1, 1, 87, 7, 10, 52),
	(696, 98, 10, '2022', 1, 1, 65, 4, 23, 98),
	(697, 98, 54, '2022', 1, 1, 50, 5, 18, 50),
	(698, 98, 63, '2022', 1, 1, 60, 3, 22, 190),
	(699, 98, 107, '2022', 1, 1, 82, 4, 10, 197),
	(700, 98, 120, '2022', 1, 2, 84, 6, 23, 98),
	(701, 98, 133, '2022', 1, 2, 88, 6, 20, 161),
	(702, 98, 145, '2022', 1, 2, 68, 1, 16, 119),
	(703, 98, 153, '2022', 1, 2, 74, 4, 12, 95),
	(704, 98, 56, '2022', 1, 2, 86, 3, 10, 99),
	(705, 98, 70, '2022', 1, 2, 68, 7, 24, 69),
	(706, 98, 99, '2022', 1, 2, 84, 5, 14, 183),
	(707, 98, 3, '2022', 2, 1, 91, 5, 13, 96),
	(708, 98, 128, '2022', 2, 1, 83, 2, 18, 51),
	(709, 98, 147, '2022', 2, 1, 93, 1, 10, 66),
	(710, 98, 10, '2022', 2, 1, 61, 7, 16, 163),
	(711, 98, 55, '2022', 2, 1, 65, 3, 10, 84),
	(712, 98, 63, '2022', 2, 1, 99, 4, 22, 96),
	(713, 98, 108, '2022', 2, 1, 87, 5, 16, 148),
	(714, 98, 122, '2022', 2, 1, 50, 8, 15, 68),
	(715, 98, 134, '2022', 2, 2, 86, 5, 24, 199),
	(716, 98, 148, '2022', 2, 2, 65, 2, 24, 132),
	(717, 98, 153, '2022', 2, 2, 61, 9, 11, 112),
	(718, 98, 57, '2022', 2, 2, 77, 2, 17, 88),
	(719, 98, 77, '2022', 2, 2, 91, 1, 11, 61),
	(720, 98, 99, '2022', 2, 2, 68, 6, 21, 147),
	(721, 99, 2, '2022', 1, 1, 80, 2, 23, 130),
	(722, 99, 130, '2022', 1, 1, 98, 7, 17, 110),
	(723, 99, 142, '2022', 1, 1, 52, 5, 21, 124),
	(724, 99, 10, '2022', 1, 1, 94, 3, 12, 193),
	(725, 99, 54, '2022', 1, 1, 77, 5, 13, 159),
	(726, 99, 63, '2022', 1, 1, 81, 6, 10, 193),
	(727, 99, 107, '2022', 1, 1, 82, 9, 20, 60),
	(728, 99, 120, '2022', 1, 2, 91, 4, 24, 147),
	(729, 99, 133, '2022', 1, 2, 75, 8, 14, 104),
	(730, 99, 145, '2022', 1, 2, 91, 8, 16, 149),
	(731, 99, 153, '2022', 1, 2, 81, 6, 14, 174),
	(732, 99, 56, '2022', 1, 2, 51, 5, 15, 139),
	(733, 99, 70, '2022', 1, 2, 95, 5, 16, 62),
	(734, 99, 99, '2022', 1, 2, 84, 9, 24, 140),
	(735, 99, 3, '2022', 2, 1, 79, 5, 12, 154),
	(736, 99, 128, '2022', 2, 1, 61, 4, 24, 178),
	(737, 99, 147, '2022', 2, 1, 88, 8, 10, 65),
	(738, 99, 10, '2022', 2, 1, 67, 7, 24, 147),
	(739, 99, 55, '2022', 2, 1, 72, 1, 18, 130),
	(740, 99, 63, '2022', 2, 1, 60, 6, 16, 129),
	(741, 99, 108, '2022', 2, 1, 97, 5, 16, 81),
	(742, 99, 122, '2022', 2, 1, 55, 7, 10, 59),
	(743, 99, 134, '2022', 2, 2, 94, 3, 22, 64),
	(744, 99, 148, '2022', 2, 2, 91, 8, 10, 190),
	(745, 99, 153, '2022', 2, 2, 55, 7, 11, 171),
	(746, 99, 57, '2022', 2, 2, 87, 1, 12, 53),
	(747, 99, 77, '2022', 2, 2, 85, 6, 15, 121),
	(748, 99, 99, '2022', 2, 2, 95, 4, 14, 72),
	(749, 100, 2, '2022', 1, 1, 88, 7, 13, 137),
	(750, 100, 130, '2022', 1, 1, 66, 6, 18, 79),
	(751, 100, 142, '2022', 1, 1, 57, 6, 14, 186),
	(752, 100, 10, '2022', 1, 1, 67, 1, 24, 152),
	(753, 100, 54, '2022', 1, 1, 77, 8, 12, 77),
	(754, 100, 63, '2022', 1, 1, 76, 9, 21, 125),
	(755, 100, 107, '2022', 1, 1, 82, 3, 12, 166),
	(756, 100, 120, '2022', 1, 2, 68, 4, 17, 171),
	(757, 100, 133, '2022', 1, 2, 72, 5, 10, 120),
	(758, 100, 145, '2022', 1, 2, 63, 1, 20, 163),
	(759, 100, 153, '2022', 1, 2, 56, 8, 22, 143),
	(760, 100, 56, '2022', 1, 2, 83, 7, 19, 86),
	(761, 100, 70, '2022', 1, 2, 92, 4, 12, 192),
	(762, 100, 99, '2022', 1, 2, 51, 4, 15, 198),
	(763, 100, 3, '2022', 2, 1, 71, 9, 18, 95),
	(764, 100, 128, '2022', 2, 1, 79, 6, 23, 71),
	(765, 100, 147, '2022', 2, 1, 62, 4, 14, 68),
	(766, 100, 10, '2022', 2, 1, 85, 8, 24, 145),
	(767, 100, 55, '2022', 2, 1, 60, 4, 23, 62),
	(768, 100, 63, '2022', 2, 1, 76, 7, 21, 106),
	(769, 100, 108, '2022', 2, 1, 74, 3, 13, 91),
	(770, 100, 122, '2022', 2, 1, 83, 9, 16, 128),
	(771, 100, 134, '2022', 2, 2, 53, 6, 11, 57),
	(772, 100, 148, '2022', 2, 2, 69, 5, 19, 102),
	(773, 100, 153, '2022', 2, 2, 99, 8, 24, 112),
	(774, 100, 57, '2022', 2, 2, 95, 9, 22, 136),
	(775, 100, 77, '2022', 2, 2, 62, 9, 22, 103),
	(776, 100, 99, '2022', 2, 2, 96, 2, 23, 165),
	(777, 101, 2, '2022', 1, 1, 62, 1, 14, 58),
	(778, 101, 130, '2022', 1, 1, 63, 5, 12, 191),
	(779, 101, 142, '2022', 1, 1, 52, 9, 17, 126),
	(780, 101, 10, '2022', 1, 1, 78, 3, 15, 127),
	(781, 101, 54, '2022', 1, 1, 61, 4, 23, 95),
	(782, 101, 63, '2022', 1, 1, 72, 8, 18, 66),
	(783, 101, 107, '2022', 1, 1, 85, 9, 10, 181),
	(784, 101, 120, '2022', 1, 2, 80, 8, 13, 133),
	(785, 101, 133, '2022', 1, 2, 93, 5, 13, 85),
	(786, 101, 145, '2022', 1, 2, 78, 3, 18, 54),
	(787, 101, 153, '2022', 1, 2, 70, 9, 11, 190),
	(788, 101, 56, '2022', 1, 2, 55, 3, 15, 138),
	(789, 101, 70, '2022', 1, 2, 58, 9, 24, 91),
	(790, 101, 99, '2022', 1, 2, 62, 8, 12, 192),
	(791, 101, 3, '2022', 2, 1, 70, 3, 23, 111),
	(792, 101, 128, '2022', 2, 1, 56, 6, 19, 126),
	(793, 101, 147, '2022', 2, 1, 62, 6, 12, 124),
	(794, 101, 10, '2022', 2, 1, 88, 5, 24, 196),
	(795, 101, 55, '2022', 2, 1, 62, 6, 24, 151),
	(796, 101, 63, '2022', 2, 1, 68, 4, 18, 164),
	(797, 101, 108, '2022', 2, 1, 98, 4, 21, 146),
	(798, 101, 122, '2022', 2, 1, 99, 7, 12, 59),
	(799, 101, 134, '2022', 2, 2, 89, 9, 15, 173),
	(800, 101, 148, '2022', 2, 2, 69, 8, 12, 67),
	(801, 101, 153, '2022', 2, 2, 77, 4, 22, 163),
	(802, 101, 57, '2022', 2, 2, 88, 9, 20, 171),
	(803, 101, 77, '2022', 2, 2, 96, 9, 24, 189),
	(804, 101, 99, '2022', 2, 2, 66, 1, 12, 100),
	(805, 102, 2, '2022', 1, 1, 88, 4, 13, 190),
	(806, 102, 130, '2022', 1, 1, 99, 8, 22, 111),
	(807, 102, 142, '2022', 1, 1, 57, 1, 16, 192),
	(808, 102, 10, '2022', 1, 1, 85, 9, 19, 157),
	(809, 102, 54, '2022', 1, 1, 96, 4, 12, 84),
	(810, 102, 63, '2022', 1, 1, 88, 3, 15, 187),
	(811, 102, 107, '2022', 1, 1, 86, 5, 24, 102),
	(812, 102, 120, '2022', 1, 2, 95, 1, 13, 128),
	(813, 102, 133, '2022', 1, 2, 57, 9, 11, 168),
	(814, 102, 145, '2022', 1, 2, 94, 8, 15, 75),
	(815, 102, 153, '2022', 1, 2, 50, 8, 24, 157),
	(816, 102, 56, '2022', 1, 2, 50, 6, 12, 179),
	(817, 102, 70, '2022', 1, 2, 80, 4, 23, 168),
	(818, 102, 99, '2022', 1, 2, 58, 3, 14, 186),
	(819, 102, 3, '2022', 2, 1, 73, 2, 10, 155),
	(820, 102, 128, '2022', 2, 1, 67, 7, 10, 170),
	(821, 102, 147, '2022', 2, 1, 94, 6, 18, 191),
	(822, 102, 10, '2022', 2, 1, 88, 8, 11, 96),
	(823, 102, 55, '2022', 2, 1, 95, 2, 20, 188),
	(824, 102, 63, '2022', 2, 1, 53, 3, 22, 64),
	(825, 102, 108, '2022', 2, 1, 54, 2, 22, 115),
	(826, 102, 122, '2022', 2, 1, 95, 1, 24, 178),
	(827, 102, 134, '2022', 2, 2, 97, 1, 15, 105),
	(828, 102, 148, '2022', 2, 2, 56, 4, 23, 87),
	(829, 102, 153, '2022', 2, 2, 51, 1, 13, 57),
	(830, 102, 57, '2022', 2, 2, 69, 6, 18, 86),
	(831, 102, 77, '2022', 2, 2, 99, 7, 16, 100),
	(832, 102, 99, '2022', 2, 2, 67, 2, 17, 188),
	(833, 103, 2, '2022', 1, 1, 78, 4, 10, 158),
	(834, 103, 130, '2022', 1, 1, 94, 2, 22, 65),
	(835, 103, 142, '2022', 1, 1, 59, 8, 11, 184),
	(836, 103, 10, '2022', 1, 1, 82, 7, 18, 124),
	(837, 103, 54, '2022', 1, 1, 86, 3, 15, 105),
	(838, 103, 63, '2022', 1, 1, 89, 3, 20, 176),
	(839, 103, 107, '2022', 1, 1, 52, 6, 16, 147),
	(840, 103, 120, '2022', 1, 2, 97, 6, 16, 176),
	(841, 103, 133, '2022', 1, 2, 72, 5, 17, 109),
	(842, 103, 145, '2022', 1, 2, 58, 6, 23, 179),
	(843, 103, 153, '2022', 1, 2, 55, 2, 15, 101),
	(844, 103, 56, '2022', 1, 2, 94, 8, 18, 183),
	(845, 103, 70, '2022', 1, 2, 99, 9, 11, 109),
	(846, 103, 99, '2022', 1, 2, 83, 6, 12, 179),
	(847, 103, 3, '2022', 2, 1, 53, 7, 24, 190),
	(848, 103, 128, '2022', 2, 1, 94, 9, 10, 66),
	(849, 103, 147, '2022', 2, 1, 96, 5, 15, 157),
	(850, 103, 10, '2022', 2, 1, 58, 7, 24, 87),
	(851, 103, 55, '2022', 2, 1, 88, 4, 20, 132),
	(852, 103, 63, '2022', 2, 1, 97, 8, 17, 51),
	(853, 103, 108, '2022', 2, 1, 81, 1, 11, 64),
	(854, 103, 122, '2022', 2, 1, 80, 1, 23, 177),
	(855, 103, 134, '2022', 2, 2, 51, 6, 24, 81),
	(856, 103, 148, '2022', 2, 2, 65, 3, 23, 196),
	(857, 103, 153, '2022', 2, 2, 71, 8, 17, 192),
	(858, 103, 57, '2022', 2, 2, 50, 5, 10, 96),
	(859, 103, 77, '2022', 2, 2, 72, 1, 15, 160),
	(860, 103, 99, '2022', 2, 2, 93, 1, 13, 106),
	(861, 104, 2, '2022', 1, 1, 53, 3, 15, 147),
	(862, 104, 130, '2022', 1, 1, 57, 8, 16, 92),
	(863, 104, 142, '2022', 1, 1, 63, 6, 10, 120),
	(864, 104, 10, '2022', 1, 1, 74, 4, 10, 191),
	(865, 104, 54, '2022', 1, 1, 94, 8, 18, 133),
	(866, 104, 63, '2022', 1, 1, 83, 3, 10, 189),
	(867, 104, 107, '2022', 1, 1, 64, 8, 23, 138),
	(868, 104, 120, '2022', 1, 2, 73, 6, 17, 159),
	(869, 104, 133, '2022', 1, 2, 90, 7, 21, 150),
	(870, 104, 145, '2022', 1, 2, 77, 8, 23, 123),
	(871, 104, 153, '2022', 1, 2, 66, 9, 20, 148),
	(872, 104, 56, '2022', 1, 2, 90, 8, 19, 110),
	(873, 104, 70, '2022', 1, 2, 97, 5, 23, 96),
	(874, 104, 99, '2022', 1, 2, 97, 2, 22, 84),
	(875, 104, 3, '2022', 2, 1, 58, 2, 21, 184),
	(876, 104, 128, '2022', 2, 1, 98, 8, 13, 84),
	(877, 104, 147, '2022', 2, 1, 86, 9, 11, 132),
	(878, 104, 10, '2022', 2, 1, 73, 2, 14, 68),
	(879, 104, 55, '2022', 2, 1, 64, 6, 18, 196),
	(880, 104, 63, '2022', 2, 1, 95, 6, 15, 88),
	(881, 104, 108, '2022', 2, 1, 99, 9, 11, 83),
	(882, 104, 122, '2022', 2, 1, 54, 4, 20, 192),
	(883, 104, 134, '2022', 2, 2, 68, 7, 16, 115),
	(884, 104, 148, '2022', 2, 2, 54, 3, 12, 95),
	(885, 104, 153, '2022', 2, 2, 83, 9, 17, 58),
	(886, 104, 57, '2022', 2, 2, 80, 9, 14, 97),
	(887, 104, 77, '2022', 2, 2, 57, 9, 15, 93),
	(888, 104, 99, '2022', 2, 2, 77, 5, 20, 100),
	(889, 105, 2, '2022', 1, 1, 89, 1, 24, 58),
	(890, 105, 130, '2022', 1, 1, 58, 9, 21, 124),
	(891, 105, 142, '2022', 1, 1, 50, 9, 17, 113),
	(892, 105, 10, '2022', 1, 1, 59, 8, 13, 103),
	(893, 105, 54, '2022', 1, 1, 70, 3, 22, 174),
	(894, 105, 63, '2022', 1, 1, 88, 5, 16, 98),
	(895, 105, 107, '2022', 1, 1, 84, 9, 14, 96),
	(896, 105, 120, '2022', 1, 2, 77, 1, 22, 95),
	(897, 105, 133, '2022', 1, 2, 94, 6, 10, 127),
	(898, 105, 145, '2022', 1, 2, 67, 2, 22, 148),
	(899, 105, 153, '2022', 1, 2, 76, 3, 22, 184),
	(900, 105, 56, '2022', 1, 2, 75, 1, 14, 179),
	(901, 105, 70, '2022', 1, 2, 53, 1, 17, 141),
	(902, 105, 99, '2022', 1, 2, 65, 4, 16, 175),
	(903, 105, 3, '2022', 2, 1, 69, 4, 15, 174),
	(904, 105, 128, '2022', 2, 1, 62, 9, 12, 142),
	(905, 105, 147, '2022', 2, 1, 65, 1, 12, 97),
	(906, 105, 10, '2022', 2, 1, 57, 4, 15, 145),
	(907, 105, 55, '2022', 2, 1, 78, 3, 10, 144),
	(908, 105, 63, '2022', 2, 1, 59, 9, 24, 198),
	(909, 105, 108, '2022', 2, 1, 74, 8, 18, 122),
	(910, 105, 122, '2022', 2, 1, 71, 3, 13, 59),
	(911, 105, 134, '2022', 2, 2, 52, 5, 15, 125),
	(912, 105, 148, '2022', 2, 2, 77, 5, 24, 95),
	(913, 105, 153, '2022', 2, 2, 89, 3, 12, 52),
	(914, 105, 57, '2022', 2, 2, 55, 6, 16, 55),
	(915, 105, 77, '2022', 2, 2, 56, 9, 20, 102),
	(916, 105, 99, '2022', 2, 2, 52, 3, 22, 156),
	(917, 106, 2, '2022', 1, 1, 71, 9, 21, 190),
	(918, 106, 130, '2022', 1, 1, 93, 3, 14, 189),
	(919, 106, 142, '2022', 1, 1, 63, 6, 17, 66),
	(920, 106, 10, '2022', 1, 1, 62, 7, 10, 93),
	(921, 106, 54, '2022', 1, 1, 93, 5, 21, 58),
	(922, 106, 63, '2022', 1, 1, 83, 2, 23, 134),
	(923, 106, 107, '2022', 1, 1, 56, 8, 12, 172),
	(924, 106, 120, '2022', 1, 2, 97, 5, 22, 103),
	(925, 106, 133, '2022', 1, 2, 71, 1, 18, 110),
	(926, 106, 145, '2022', 1, 2, 57, 1, 14, 136),
	(927, 106, 153, '2022', 1, 2, 92, 3, 15, 148),
	(928, 106, 56, '2022', 1, 2, 74, 6, 24, 181),
	(929, 106, 70, '2022', 1, 2, 77, 4, 22, 58),
	(930, 106, 99, '2022', 1, 2, 52, 8, 21, 178),
	(931, 106, 3, '2022', 2, 1, 68, 9, 16, 181),
	(932, 106, 128, '2022', 2, 1, 94, 5, 20, 77),
	(933, 106, 147, '2022', 2, 1, 98, 7, 14, 115),
	(934, 106, 10, '2022', 2, 1, 89, 8, 16, 144),
	(935, 106, 55, '2022', 2, 1, 55, 9, 23, 172),
	(936, 106, 63, '2022', 2, 1, 59, 2, 10, 170),
	(937, 106, 108, '2022', 2, 1, 82, 4, 18, 58),
	(938, 106, 122, '2022', 2, 1, 72, 1, 24, 145),
	(939, 106, 134, '2022', 2, 2, 58, 6, 24, 160),
	(940, 106, 148, '2022', 2, 2, 89, 2, 10, 114),
	(941, 106, 153, '2022', 2, 2, 69, 6, 12, 98),
	(942, 106, 57, '2022', 2, 2, 91, 8, 13, 158),
	(943, 106, 77, '2022', 2, 2, 52, 7, 18, 90),
	(944, 106, 99, '2022', 2, 2, 63, 7, 16, 192),
	(945, 107, 2, '2022', 1, 1, 56, 3, 23, 66),
	(946, 107, 130, '2022', 1, 1, 94, 2, 14, 198),
	(947, 107, 142, '2022', 1, 1, 76, 5, 16, 97),
	(948, 107, 10, '2022', 1, 1, 89, 2, 22, 57),
	(949, 107, 54, '2022', 1, 1, 78, 3, 21, 71),
	(950, 107, 63, '2022', 1, 1, 85, 6, 15, 100),
	(951, 107, 107, '2022', 1, 1, 84, 7, 11, 99),
	(952, 107, 120, '2022', 1, 2, 83, 8, 10, 67),
	(953, 107, 133, '2022', 1, 2, 82, 4, 20, 104),
	(954, 107, 145, '2022', 1, 2, 56, 3, 16, 191),
	(955, 107, 153, '2022', 1, 2, 87, 9, 16, 115),
	(956, 107, 56, '2022', 1, 2, 91, 6, 24, 57),
	(957, 107, 70, '2022', 1, 2, 82, 1, 19, 143),
	(958, 107, 99, '2022', 1, 2, 87, 5, 19, 161),
	(959, 107, 3, '2022', 2, 1, 90, 7, 17, 107),
	(960, 107, 128, '2022', 2, 1, 60, 1, 12, 177),
	(961, 107, 147, '2022', 2, 1, 79, 6, 14, 155),
	(962, 107, 10, '2022', 2, 1, 88, 9, 11, 82),
	(963, 107, 55, '2022', 2, 1, 61, 4, 22, 165),
	(964, 107, 63, '2022', 2, 1, 85, 3, 21, 126),
	(965, 107, 108, '2022', 2, 1, 72, 8, 22, 101),
	(966, 107, 122, '2022', 2, 1, 93, 3, 14, 144),
	(967, 107, 134, '2022', 2, 2, 60, 4, 16, 147),
	(968, 107, 148, '2022', 2, 2, 92, 1, 15, 157),
	(969, 107, 153, '2022', 2, 2, 76, 1, 23, 68),
	(970, 107, 57, '2022', 2, 2, 90, 3, 24, 123),
	(971, 107, 77, '2022', 2, 2, 61, 4, 15, 186),
	(972, 107, 99, '2022', 2, 2, 53, 8, 22, 51),
	(973, 108, 2, '2022', 1, 1, 99, 5, 16, 50),
	(974, 108, 130, '2022', 1, 1, 75, 1, 21, 193),
	(975, 108, 142, '2022', 1, 1, 52, 1, 19, 87),
	(976, 108, 10, '2022', 1, 1, 79, 1, 22, 175),
	(977, 108, 54, '2022', 1, 1, 99, 9, 11, 68),
	(978, 108, 63, '2022', 1, 1, 93, 9, 17, 139),
	(979, 108, 107, '2022', 1, 1, 53, 1, 23, 78),
	(980, 108, 120, '2022', 1, 2, 69, 1, 17, 72),
	(981, 108, 133, '2022', 1, 2, 74, 8, 23, 124),
	(982, 108, 145, '2022', 1, 2, 63, 1, 11, 123),
	(983, 108, 153, '2022', 1, 2, 58, 6, 13, 60),
	(984, 108, 56, '2022', 1, 2, 95, 5, 10, 125),
	(985, 108, 70, '2022', 1, 2, 96, 7, 13, 147),
	(986, 108, 99, '2022', 1, 2, 68, 9, 18, 84),
	(987, 108, 3, '2022', 2, 1, 57, 6, 19, 87),
	(988, 108, 128, '2022', 2, 1, 70, 9, 22, 189),
	(989, 108, 147, '2022', 2, 1, 56, 8, 15, 51),
	(990, 108, 10, '2022', 2, 1, 62, 7, 16, 101),
	(991, 108, 55, '2022', 2, 1, 62, 8, 14, 154),
	(992, 108, 63, '2022', 2, 1, 90, 9, 22, 144),
	(993, 108, 108, '2022', 2, 1, 75, 4, 12, 149),
	(994, 108, 122, '2022', 2, 1, 57, 7, 16, 171),
	(995, 108, 134, '2022', 2, 2, 63, 3, 21, 199),
	(996, 108, 148, '2022', 2, 2, 52, 2, 24, 80),
	(997, 108, 153, '2022', 2, 2, 73, 8, 22, 56),
	(998, 108, 57, '2022', 2, 2, 85, 8, 12, 177),
	(999, 108, 77, '2022', 2, 2, 56, 7, 13, 145),
	(1000, 108, 99, '2022', 2, 2, 57, 7, 20, 95),
	(1001, 109, 2, '2022', 1, 1, 95, 9, 13, 134),
	(1002, 109, 130, '2022', 1, 1, 92, 3, 12, 131),
	(1003, 109, 142, '2022', 1, 1, 81, 2, 16, 127),
	(1004, 109, 10, '2022', 1, 1, 51, 7, 16, 69),
	(1005, 109, 54, '2022', 1, 1, 93, 6, 14, 144),
	(1006, 109, 63, '2022', 1, 1, 88, 4, 18, 80),
	(1007, 109, 107, '2022', 1, 1, 80, 4, 14, 80),
	(1008, 109, 120, '2022', 1, 2, 90, 2, 23, 106),
	(1009, 109, 133, '2022', 1, 2, 77, 4, 20, 85),
	(1010, 109, 145, '2022', 1, 2, 93, 6, 12, 121),
	(1011, 109, 153, '2022', 1, 2, 77, 9, 21, 167),
	(1012, 109, 56, '2022', 1, 2, 56, 8, 22, 58),
	(1013, 109, 70, '2022', 1, 2, 96, 5, 15, 185),
	(1014, 109, 99, '2022', 1, 2, 86, 6, 21, 190),
	(1015, 109, 3, '2022', 2, 1, 73, 4, 17, 97),
	(1016, 109, 128, '2022', 2, 1, 83, 4, 11, 125),
	(1017, 109, 147, '2022', 2, 1, 61, 7, 19, 199),
	(1018, 109, 10, '2022', 2, 1, 71, 1, 17, 195),
	(1019, 109, 55, '2022', 2, 1, 82, 4, 14, 66),
	(1020, 109, 63, '2022', 2, 1, 73, 1, 11, 157),
	(1021, 109, 108, '2022', 2, 1, 92, 8, 11, 108),
	(1022, 109, 122, '2022', 2, 1, 53, 4, 23, 120),
	(1023, 109, 134, '2022', 2, 2, 72, 8, 20, 187),
	(1024, 109, 148, '2022', 2, 2, 64, 7, 10, 109),
	(1025, 109, 153, '2022', 2, 2, 63, 7, 18, 188),
	(1026, 109, 57, '2022', 2, 2, 97, 7, 16, 105),
	(1027, 109, 77, '2022', 2, 2, 55, 6, 19, 56),
	(1028, 109, 99, '2022', 2, 2, 71, 9, 14, 129),
	(1029, 110, 2, '2022', 1, 1, 51, 5, 10, 51),
	(1030, 110, 130, '2022', 1, 1, 96, 1, 10, 187),
	(1031, 110, 142, '2022', 1, 1, 77, 1, 19, 171),
	(1032, 110, 10, '2022', 1, 1, 80, 2, 13, 171),
	(1033, 110, 54, '2022', 1, 1, 98, 2, 24, 133),
	(1034, 110, 63, '2022', 1, 1, 69, 3, 14, 116),
	(1035, 110, 107, '2022', 1, 1, 65, 7, 17, 131),
	(1036, 110, 120, '2022', 1, 2, 90, 4, 13, 182),
	(1037, 110, 133, '2022', 1, 2, 65, 2, 15, 55),
	(1038, 110, 145, '2022', 1, 2, 94, 4, 12, 63),
	(1039, 110, 153, '2022', 1, 2, 72, 8, 22, 184),
	(1040, 110, 56, '2022', 1, 2, 97, 7, 24, 122),
	(1041, 110, 70, '2022', 1, 2, 70, 2, 12, 110),
	(1042, 110, 99, '2022', 1, 2, 65, 8, 16, 153),
	(1043, 110, 3, '2022', 2, 1, 82, 2, 17, 152),
	(1044, 110, 128, '2022', 2, 1, 90, 1, 17, 143),
	(1045, 110, 147, '2022', 2, 1, 69, 4, 18, 125),
	(1046, 110, 10, '2022', 2, 1, 93, 9, 13, 51),
	(1047, 110, 55, '2022', 2, 1, 61, 3, 12, 146),
	(1048, 110, 63, '2022', 2, 1, 82, 5, 19, 128),
	(1049, 110, 108, '2022', 2, 1, 65, 4, 18, 168),
	(1050, 110, 122, '2022', 2, 1, 98, 2, 24, 109),
	(1051, 110, 134, '2022', 2, 2, 97, 9, 16, 150),
	(1052, 110, 148, '2022', 2, 2, 76, 6, 14, 54),
	(1053, 110, 153, '2022', 2, 2, 79, 4, 12, 187),
	(1054, 110, 57, '2022', 2, 2, 87, 2, 15, 114),
	(1055, 110, 77, '2022', 2, 2, 50, 1, 16, 197),
	(1056, 110, 99, '2022', 2, 2, 67, 1, 13, 115),
	(1057, 111, 2, '2022', 1, 1, 77, 2, 21, 78),
	(1058, 111, 130, '2022', 1, 1, 72, 1, 15, 163),
	(1059, 111, 142, '2022', 1, 1, 73, 7, 21, 140),
	(1060, 111, 10, '2022', 1, 1, 64, 3, 13, 64),
	(1061, 111, 54, '2022', 1, 1, 86, 3, 22, 168),
	(1062, 111, 63, '2022', 1, 1, 96, 3, 20, 193),
	(1063, 111, 107, '2022', 1, 1, 97, 4, 17, 50),
	(1064, 111, 120, '2022', 1, 2, 93, 3, 17, 129),
	(1065, 111, 133, '2022', 1, 2, 77, 7, 24, 196),
	(1066, 111, 145, '2022', 1, 2, 78, 3, 18, 148),
	(1067, 111, 153, '2022', 1, 2, 99, 5, 13, 139),
	(1068, 111, 56, '2022', 1, 2, 75, 7, 13, 83),
	(1069, 111, 70, '2022', 1, 2, 74, 7, 20, 66),
	(1070, 111, 99, '2022', 1, 2, 90, 9, 12, 71),
	(1071, 111, 3, '2022', 2, 1, 67, 9, 15, 103),
	(1072, 111, 128, '2022', 2, 1, 92, 1, 21, 82),
	(1073, 111, 147, '2022', 2, 1, 82, 6, 12, 146),
	(1074, 111, 10, '2022', 2, 1, 74, 3, 14, 79),
	(1075, 111, 55, '2022', 2, 1, 76, 9, 24, 171),
	(1076, 111, 63, '2022', 2, 1, 52, 5, 12, 189),
	(1077, 111, 108, '2022', 2, 1, 65, 4, 21, 57),
	(1078, 111, 122, '2022', 2, 1, 64, 2, 10, 84),
	(1079, 111, 134, '2022', 2, 2, 89, 3, 23, 126),
	(1080, 111, 148, '2022', 2, 2, 97, 8, 10, 170),
	(1081, 111, 153, '2022', 2, 2, 58, 4, 11, 84),
	(1082, 111, 57, '2022', 2, 2, 59, 6, 23, 89),
	(1083, 111, 77, '2022', 2, 2, 72, 1, 20, 91),
	(1084, 111, 99, '2022', 2, 2, 55, 5, 11, 155),
	(1085, 112, 2, '2022', 1, 1, 53, 2, 24, 59),
	(1086, 112, 130, '2022', 1, 1, 77, 6, 14, 98),
	(1087, 112, 142, '2022', 1, 1, 52, 3, 16, 178),
	(1088, 112, 10, '2022', 1, 1, 60, 4, 20, 159),
	(1089, 112, 54, '2022', 1, 1, 57, 8, 21, 105),
	(1090, 112, 63, '2022', 1, 1, 64, 5, 11, 170),
	(1091, 112, 107, '2022', 1, 1, 69, 8, 16, 158),
	(1092, 112, 120, '2022', 1, 2, 74, 5, 16, 148),
	(1093, 112, 133, '2022', 1, 2, 91, 7, 10, 55),
	(1094, 112, 145, '2022', 1, 2, 51, 4, 23, 157),
	(1095, 112, 153, '2022', 1, 2, 82, 2, 16, 184),
	(1096, 112, 56, '2022', 1, 2, 74, 5, 23, 73),
	(1097, 112, 70, '2022', 1, 2, 52, 1, 14, 86),
	(1098, 112, 99, '2022', 1, 2, 66, 6, 16, 93),
	(1099, 112, 3, '2022', 2, 1, 93, 5, 24, 182),
	(1100, 112, 128, '2022', 2, 1, 98, 7, 15, 169),
	(1101, 112, 147, '2022', 2, 1, 79, 9, 13, 93),
	(1102, 112, 10, '2022', 2, 1, 83, 2, 14, 191),
	(1103, 112, 55, '2022', 2, 1, 68, 3, 16, 137),
	(1104, 112, 63, '2022', 2, 1, 68, 9, 17, 123),
	(1105, 112, 108, '2022', 2, 1, 63, 7, 24, 105),
	(1106, 112, 122, '2022', 2, 1, 99, 5, 10, 116),
	(1107, 112, 134, '2022', 2, 2, 11, 8, 18, 198),
	(1108, 112, 148, '2022', 2, 2, 56, 8, 10, 79),
	(1109, 112, 153, '2022', 2, 2, 65, 4, 18, 161),
	(1110, 112, 57, '2022', 2, 2, 97, 1, 12, 151),
	(1111, 112, 77, '2022', 2, 2, 10, 9, 17, 166),
	(1113, 113, 2, '2022', 1, 1, 63, 8, 15, 193),
	(1114, 113, 130, '2022', 1, 1, 59, 3, 11, 91),
	(1115, 113, 142, '2022', 1, 1, 66, 7, 11, 145),
	(1116, 113, 10, '2022', 1, 1, 90, 4, 21, 120),
	(1117, 113, 54, '2022', 1, 1, 70, 2, 21, 90),
	(1118, 113, 63, '2022', 1, 1, 88, 6, 20, 196),
	(1119, 113, 107, '2022', 1, 1, 77, 3, 17, 59),
	(1120, 113, 120, '2022', 1, 2, 88, 7, 21, 58),
	(1121, 113, 133, '2022', 1, 2, 97, 6, 15, 61),
	(1122, 113, 145, '2022', 1, 2, 77, 2, 17, 76),
	(1123, 113, 153, '2022', 1, 2, 61, 1, 21, 52),
	(1124, 113, 56, '2022', 1, 2, 64, 2, 15, 178),
	(1125, 113, 70, '2022', 1, 2, 72, 7, 22, 72),
	(1126, 113, 99, '2022', 1, 2, 86, 8, 21, 116),
	(1127, 113, 3, '2022', 2, 1, 82, 3, 22, 149),
	(1128, 113, 128, '2022', 2, 1, 52, 6, 14, 168),
	(1129, 113, 147, '2022', 2, 1, 52, 5, 13, 58),
	(1130, 113, 10, '2022', 2, 1, 99, 4, 13, 83),
	(1131, 113, 55, '2022', 2, 1, 75, 6, 20, 150),
	(1132, 113, 63, '2022', 2, 1, 75, 3, 17, 188),
	(1133, 113, 108, '2022', 2, 1, 68, 1, 17, 148),
	(1134, 113, 122, '2022', 2, 1, 82, 9, 24, 72),
	(1135, 113, 134, '2022', 2, 2, 53, 7, 20, 175),
	(1136, 113, 148, '2022', 2, 2, 72, 1, 18, 165),
	(1137, 113, 153, '2022', 2, 2, 63, 5, 23, 189),
	(1138, 113, 57, '2022', 2, 2, 82, 6, 23, 156),
	(1139, 113, 77, '2022', 2, 2, 93, 2, 24, 137),
	(1140, 113, 99, '2022', 2, 2, 83, 5, 15, 64),
	(1141, 114, 2, '2022', 1, 1, 88, 2, 10, 180),
	(1142, 114, 130, '2022', 1, 1, 82, 2, 22, 108),
	(1143, 114, 142, '2022', 1, 1, 76, 1, 19, 134),
	(1144, 114, 10, '2022', 1, 1, 59, 7, 24, 135),
	(1145, 114, 54, '2022', 1, 1, 93, 5, 16, 115),
	(1146, 114, 63, '2022', 1, 1, 59, 1, 11, 85),
	(1147, 114, 107, '2022', 1, 1, 63, 6, 18, 128),
	(1148, 114, 120, '2022', 1, 2, 92, 1, 17, 198),
	(1149, 114, 133, '2022', 1, 2, 52, 5, 12, 112),
	(1150, 114, 145, '2022', 1, 2, 73, 3, 17, 156),
	(1151, 114, 153, '2022', 1, 2, 94, 6, 22, 142),
	(1152, 114, 56, '2022', 1, 2, 90, 6, 17, 198),
	(1153, 114, 70, '2022', 1, 2, 62, 7, 19, 52),
	(1154, 114, 99, '2022', 1, 2, 96, 2, 23, 169),
	(1155, 114, 3, '2022', 2, 1, 59, 7, 13, 102),
	(1156, 114, 128, '2022', 2, 1, 86, 5, 20, 105),
	(1157, 114, 147, '2022', 2, 1, 79, 8, 23, 152),
	(1158, 114, 10, '2022', 2, 1, 64, 7, 12, 75),
	(1159, 114, 55, '2022', 2, 1, 90, 1, 23, 122),
	(1160, 114, 63, '2022', 2, 1, 61, 4, 10, 124),
	(1161, 114, 108, '2022', 2, 1, 78, 3, 20, 104),
	(1162, 114, 122, '2022', 2, 1, 54, 1, 21, 157),
	(1163, 114, 134, '2022', 2, 2, 64, 7, 21, 121),
	(1164, 114, 148, '2022', 2, 2, 98, 7, 19, 137),
	(1165, 114, 153, '2022', 2, 2, 60, 8, 22, 97),
	(1166, 114, 57, '2022', 2, 2, 84, 9, 17, 151),
	(1167, 114, 77, '2022', 2, 2, 59, 4, 11, 132),
	(1168, 114, 99, '2022', 2, 2, 71, 7, 24, 101),
	(1169, 115, 2, '2022', 1, 1, 83, 1, 20, 89),
	(1170, 115, 130, '2022', 1, 1, 56, 8, 19, 142),
	(1171, 115, 142, '2022', 1, 1, 61, 6, 17, 139),
	(1172, 115, 10, '2022', 1, 1, 86, 9, 21, 50),
	(1173, 115, 54, '2022', 1, 1, 67, 8, 10, 192),
	(1174, 115, 63, '2022', 1, 1, 79, 7, 14, 104),
	(1175, 115, 107, '2022', 1, 1, 90, 6, 14, 122),
	(1176, 115, 120, '2022', 1, 2, 65, 8, 10, 79),
	(1177, 115, 133, '2022', 1, 2, 52, 3, 12, 193),
	(1178, 115, 145, '2022', 1, 2, 55, 5, 20, 142),
	(1179, 115, 153, '2022', 1, 2, 63, 9, 11, 85),
	(1180, 115, 56, '2022', 1, 2, 93, 9, 11, 136),
	(1181, 115, 70, '2022', 1, 2, 73, 5, 23, 138),
	(1182, 115, 99, '2022', 1, 2, 75, 7, 20, 99),
	(1183, 115, 3, '2022', 2, 1, 50, 7, 21, 116),
	(1184, 115, 128, '2022', 2, 1, 70, 6, 18, 88),
	(1185, 115, 147, '2022', 2, 1, 56, 2, 22, 195),
	(1186, 115, 10, '2022', 2, 1, 70, 3, 13, 140),
	(1187, 115, 55, '2022', 2, 1, 94, 9, 13, 154),
	(1188, 115, 63, '2022', 2, 1, 57, 7, 17, 144),
	(1189, 115, 108, '2022', 2, 1, 96, 1, 14, 133),
	(1190, 115, 122, '2022', 2, 1, 81, 4, 13, 61),
	(1191, 115, 134, '2022', 2, 2, 97, 5, 20, 165),
	(1192, 115, 148, '2022', 2, 2, 57, 8, 13, 154),
	(1193, 115, 153, '2022', 2, 2, 70, 4, 21, 113),
	(1194, 115, 57, '2022', 2, 2, 59, 9, 21, 164),
	(1195, 115, 77, '2022', 2, 2, 86, 9, 20, 147),
	(1196, 115, 99, '2022', 2, 2, 83, 8, 24, 155),
	(1197, 93, 2, '2021', 1, 1, 97, 1, 3, 166),
	(1198, 93, 130, '2021', 1, 1, 55, 4, 15, 104),
	(1199, 93, 142, '2021', 1, 1, 85, 2, 10, 129),
	(1200, 93, 10, '2021', 1, 1, 73, 3, 8, 139),
	(1201, 93, 54, '2021', 1, 1, 74, 4, 12, 65),
	(1202, 93, 63, '2021', 1, 1, 89, 3, 18, 186),
	(1203, 93, 107, '2021', 1, 1, 53, 5, 11, 52),
	(1204, 93, 120, '2021', 1, 2, 80, 4, 10, 60),
	(1205, 93, 133, '2021', 1, 2, 61, 5, 14, 179),
	(1206, 93, 145, '2021', 1, 2, 67, 5, 11, 82),
	(1207, 93, 153, '2021', 1, 2, 56, 7, 10, 125),
	(1208, 93, 56, '2021', 1, 2, 58, 6, 14, 112),
	(1209, 93, 70, '2021', 1, 2, 73, 4, 12, 82),
	(1210, 93, 99, '2021', 1, 2, 85, 3, 11, 196),
	(1211, 93, 3, '2021', 2, 1, 60, 5, 12, 170),
	(1212, 93, 128, '2021', 2, 1, 88, 3, 7, 97),
	(1213, 93, 147, '2021', 2, 1, 99, 1, 4, 75),
	(1214, 93, 10, '2021', 2, 1, 75, 5, 23, 191),
	(1215, 93, 55, '2021', 2, 1, 73, 7, 19, 134),
	(1216, 93, 63, '2021', 2, 1, 87, 3, 13, 135),
	(1217, 93, 108, '2021', 2, 1, 77, 4, 24, 107),
	(1219, 93, 134, '2021', 2, 2, 51, 8, 19, 181),
	(1220, 93, 148, '2021', 2, 2, 89, 3, 24, 131),
	(1221, 93, 153, '2021', 2, 2, 98, 1, 24, 113),
	(1222, 93, 57, '2021', 2, 2, 92, 1, 13, 170),
	(1223, 93, 77, '2021', 2, 2, 58, 1, 16, 114),
	(1224, 93, 99, '2021', 2, 2, 67, 2, 22, 165),
	(1225, 94, 2, '2021', 1, 1, 83, 7, 13, 190),
	(1226, 94, 130, '2021', 1, 1, 76, 2, 19, 193),
	(1227, 94, 142, '2021', 1, 1, 50, 8, 17, 187),
	(1228, 94, 10, '2021', 1, 1, 93, 8, 23, 69),
	(1229, 94, 54, '2021', 1, 1, 74, 2, 14, 57),
	(1230, 94, 63, '2021', 1, 1, 99, 2, 23, 184),
	(1231, 94, 107, '2021', 1, 1, 99, 7, 21, 172),
	(1232, 94, 120, '2021', 1, 2, 62, 8, 19, 129),
	(1233, 94, 133, '2021', 1, 2, 53, 2, 14, 98),
	(1234, 94, 145, '2021', 1, 2, 91, 3, 23, 100),
	(1235, 94, 153, '2021', 1, 2, 99, 2, 14, 93),
	(1236, 94, 56, '2021', 1, 2, 86, 9, 23, 161),
	(1237, 94, 70, '2021', 1, 2, 50, 8, 19, 136),
	(1238, 94, 99, '2021', 1, 2, 82, 6, 14, 168),
	(1239, 94, 3, '2021', 2, 1, 72, 5, 22, 64),
	(1240, 94, 128, '2021', 2, 1, 50, 6, 20, 181),
	(1241, 94, 147, '2021', 2, 1, 56, 1, 16, 195),
	(1242, 94, 10, '2021', 2, 1, 70, 9, 13, 51),
	(1243, 94, 55, '2021', 2, 1, 62, 1, 10, 130),
	(1244, 94, 63, '2021', 2, 1, 82, 1, 21, 97),
	(1245, 94, 108, '2021', 2, 1, 92, 3, 24, 195),
	(1246, 94, 122, '2021', 2, 1, 96, 6, 14, 53),
	(1247, 94, 134, '2021', 2, 2, 59, 2, 17, 64),
	(1248, 94, 148, '2021', 2, 2, 93, 6, 21, 117),
	(1249, 94, 153, '2021', 2, 2, 98, 2, 20, 168),
	(1250, 94, 57, '2021', 2, 2, 74, 8, 22, 161),
	(1251, 94, 77, '2021', 2, 2, 78, 9, 23, 148),
	(1252, 94, 99, '2021', 2, 2, 84, 2, 13, 180),
	(1253, 95, 2, '2021', 1, 1, 65, 9, 20, 190),
	(1254, 95, 130, '2021', 1, 1, 78, 3, 18, 174),
	(1255, 95, 142, '2021', 1, 1, 91, 7, 20, 145),
	(1256, 95, 10, '2021', 1, 1, 99, 6, 11, 60),
	(1257, 95, 54, '2021', 1, 1, 81, 7, 13, 98),
	(1258, 95, 63, '2021', 1, 1, 51, 3, 11, 126),
	(1259, 95, 107, '2021', 1, 1, 61, 6, 13, 79),
	(1260, 95, 120, '2021', 1, 2, 88, 9, 23, 96),
	(1261, 95, 133, '2021', 1, 2, 74, 1, 19, 58),
	(1262, 95, 145, '2021', 1, 2, 99, 9, 22, 108),
	(1263, 95, 153, '2021', 1, 2, 93, 6, 18, 106),
	(1264, 95, 56, '2021', 1, 2, 70, 9, 22, 188),
	(1265, 95, 70, '2021', 1, 2, 85, 7, 17, 152),
	(1266, 95, 99, '2021', 1, 2, 92, 8, 17, 183),
	(1267, 95, 3, '2021', 2, 1, 54, 8, 23, 161),
	(1268, 95, 128, '2021', 2, 1, 84, 2, 19, 59),
	(1269, 95, 147, '2021', 2, 1, 88, 7, 14, 108),
	(1270, 95, 10, '2021', 2, 1, 58, 6, 12, 77),
	(1271, 95, 55, '2021', 2, 1, 72, 2, 21, 110),
	(1272, 95, 63, '2021', 2, 1, 91, 3, 23, 166),
	(1273, 95, 108, '2021', 2, 1, 71, 5, 20, 126),
	(1274, 95, 122, '2021', 2, 1, 88, 2, 23, 164),
	(1275, 95, 134, '2021', 2, 2, 70, 5, 16, 168),
	(1276, 95, 148, '2021', 2, 2, 52, 1, 20, 90),
	(1277, 95, 153, '2021', 2, 2, 94, 3, 23, 101),
	(1278, 95, 57, '2021', 2, 2, 68, 6, 21, 93),
	(1279, 95, 77, '2021', 2, 2, 91, 9, 21, 160),
	(1280, 95, 99, '2021', 2, 2, 84, 3, 15, 149),
	(1281, 98, 2, '2021', 1, 1, 64, 7, 14, 184),
	(1282, 98, 130, '2021', 1, 1, 77, 1, 19, 159),
	(1283, 98, 142, '2021', 1, 1, 77, 3, 21, 86),
	(1284, 98, 10, '2021', 1, 1, 94, 3, 14, 189),
	(1285, 98, 54, '2021', 1, 1, 84, 2, 21, 69),
	(1286, 98, 63, '2021', 1, 1, 89, 9, 13, 138),
	(1287, 98, 107, '2021', 1, 1, 61, 2, 13, 72),
	(1288, 98, 120, '2021', 1, 2, 99, 9, 11, 78),
	(1289, 98, 133, '2021', 1, 2, 68, 4, 17, 180),
	(1290, 98, 145, '2021', 1, 2, 61, 8, 21, 132),
	(1291, 98, 153, '2021', 1, 2, 85, 4, 22, 101),
	(1292, 98, 56, '2021', 1, 2, 94, 8, 10, 169),
	(1293, 98, 70, '2021', 1, 2, 79, 6, 12, 105),
	(1294, 98, 99, '2021', 1, 2, 56, 4, 12, 110),
	(1295, 98, 3, '2021', 2, 1, 79, 8, 10, 189),
	(1296, 98, 128, '2021', 2, 1, 62, 4, 18, 98),
	(1297, 98, 147, '2021', 2, 1, 69, 1, 24, 59),
	(1298, 98, 10, '2021', 2, 1, 97, 2, 11, 133),
	(1299, 98, 55, '2021', 2, 1, 78, 9, 23, 100),
	(1300, 98, 63, '2021', 2, 1, 54, 5, 16, 194),
	(1301, 98, 108, '2021', 2, 1, 87, 2, 16, 165),
	(1302, 98, 122, '2021', 2, 1, 73, 7, 14, 153),
	(1303, 98, 134, '2021', 2, 2, 84, 6, 11, 112),
	(1304, 98, 148, '2021', 2, 2, 74, 4, 15, 140),
	(1305, 98, 153, '2021', 2, 2, 84, 9, 15, 160),
	(1306, 98, 57, '2021', 2, 2, 56, 9, 12, 198),
	(1307, 98, 77, '2021', 2, 2, 92, 5, 11, 53),
	(1308, 98, 99, '2021', 2, 2, 61, 4, 23, 192),
	(1309, 99, 2, '2021', 1, 1, 56, 5, 22, 50),
	(1310, 99, 130, '2021', 1, 1, 65, 9, 16, 61),
	(1311, 99, 142, '2021', 1, 1, 87, 8, 15, 148),
	(1312, 99, 10, '2021', 1, 1, 54, 9, 12, 167),
	(1313, 99, 54, '2021', 1, 1, 70, 3, 24, 63),
	(1314, 99, 63, '2021', 1, 1, 54, 8, 12, 86),
	(1315, 99, 107, '2021', 1, 1, 84, 2, 24, 144),
	(1316, 99, 120, '2021', 1, 2, 61, 1, 23, 167),
	(1317, 99, 133, '2021', 1, 2, 69, 7, 10, 55),
	(1318, 99, 145, '2021', 1, 2, 84, 9, 14, 85),
	(1319, 99, 153, '2021', 1, 2, 73, 8, 21, 141),
	(1320, 99, 56, '2021', 1, 2, 75, 3, 14, 68),
	(1321, 99, 70, '2021', 1, 2, 69, 6, 22, 124),
	(1322, 99, 99, '2021', 1, 2, 53, 9, 18, 105),
	(1323, 99, 3, '2021', 2, 1, 96, 8, 23, 158),
	(1324, 99, 128, '2021', 2, 1, 95, 1, 21, 156),
	(1325, 99, 147, '2021', 2, 1, 81, 5, 16, 188),
	(1326, 99, 10, '2021', 2, 1, 56, 1, 13, 110),
	(1327, 99, 55, '2021', 2, 1, 84, 2, 24, 76),
	(1328, 99, 63, '2021', 2, 1, 80, 1, 21, 155),
	(1329, 99, 108, '2021', 2, 1, 91, 5, 15, 146),
	(1330, 99, 122, '2021', 2, 1, 76, 6, 19, 69),
	(1331, 99, 134, '2021', 2, 2, 50, 1, 10, 115),
	(1332, 99, 148, '2021', 2, 2, 53, 3, 13, 191),
	(1333, 99, 153, '2021', 2, 2, 83, 1, 19, 52),
	(1334, 99, 57, '2021', 2, 2, 58, 1, 11, 182),
	(1335, 99, 77, '2021', 2, 2, 72, 2, 15, 90),
	(1336, 99, 99, '2021', 2, 2, 85, 9, 20, 63),
	(1337, 100, 2, '2021', 1, 1, 85, 8, 15, 138),
	(1338, 100, 130, '2021', 1, 1, 79, 4, 13, 185),
	(1339, 100, 142, '2021', 1, 1, 83, 5, 23, 193),
	(1340, 100, 10, '2021', 1, 1, 77, 1, 19, 176),
	(1341, 100, 54, '2021', 1, 1, 88, 3, 19, 179),
	(1342, 100, 63, '2021', 1, 1, 52, 8, 17, 189),
	(1343, 100, 107, '2021', 1, 1, 71, 5, 18, 112),
	(1344, 100, 120, '2021', 1, 2, 82, 4, 10, 86),
	(1345, 100, 133, '2021', 1, 2, 99, 1, 20, 82),
	(1346, 100, 145, '2021', 1, 2, 87, 9, 17, 183),
	(1347, 100, 153, '2021', 1, 2, 76, 4, 23, 176),
	(1348, 100, 56, '2021', 1, 2, 97, 1, 11, 164),
	(1349, 100, 70, '2021', 1, 2, 51, 1, 16, 121),
	(1350, 100, 99, '2021', 1, 2, 83, 2, 11, 171),
	(1351, 100, 3, '2021', 2, 1, 56, 9, 20, 112),
	(1352, 100, 128, '2021', 2, 1, 66, 4, 16, 131),
	(1353, 100, 147, '2021', 2, 1, 50, 6, 15, 55),
	(1354, 100, 10, '2021', 2, 1, 54, 1, 16, 150),
	(1355, 100, 55, '2021', 2, 1, 79, 4, 10, 179),
	(1356, 100, 63, '2021', 2, 1, 52, 2, 13, 98),
	(1357, 100, 108, '2021', 2, 1, 79, 9, 24, 138),
	(1358, 100, 122, '2021', 2, 1, 50, 1, 14, 115),
	(1359, 100, 134, '2021', 2, 2, 51, 6, 19, 140),
	(1360, 100, 148, '2021', 2, 2, 89, 4, 14, 103),
	(1361, 100, 153, '2021', 2, 2, 96, 9, 17, 52),
	(1362, 100, 57, '2021', 2, 2, 51, 1, 21, 160),
	(1363, 100, 77, '2021', 2, 2, 77, 2, 20, 150),
	(1364, 100, 99, '2021', 2, 2, 64, 9, 20, 139),
	(1365, 101, 2, '2021', 1, 1, 52, 7, 12, 139),
	(1366, 101, 130, '2021', 1, 1, 50, 8, 19, 151),
	(1367, 101, 142, '2021', 1, 1, 74, 9, 12, 149),
	(1368, 101, 10, '2021', 1, 1, 57, 7, 19, 146),
	(1369, 101, 54, '2021', 1, 1, 73, 3, 18, 178),
	(1370, 101, 63, '2021', 1, 1, 59, 7, 16, 118),
	(1371, 101, 107, '2021', 1, 1, 82, 2, 10, 62),
	(1372, 101, 120, '2021', 1, 2, 67, 1, 24, 198),
	(1373, 101, 133, '2021', 1, 2, 77, 7, 19, 156),
	(1374, 101, 145, '2021', 1, 2, 85, 4, 19, 86),
	(1375, 101, 153, '2021', 1, 2, 97, 6, 20, 122),
	(1376, 101, 56, '2021', 1, 2, 60, 2, 24, 55),
	(1377, 101, 70, '2021', 1, 2, 55, 2, 19, 68),
	(1378, 101, 99, '2021', 1, 2, 53, 6, 24, 140),
	(1379, 101, 3, '2021', 2, 1, 56, 4, 10, 60),
	(1380, 101, 128, '2021', 2, 1, 51, 4, 16, 55),
	(1381, 101, 147, '2021', 2, 1, 80, 5, 19, 180),
	(1382, 101, 10, '2021', 2, 1, 91, 1, 15, 81),
	(1383, 101, 55, '2021', 2, 1, 52, 8, 13, 136),
	(1384, 101, 63, '2021', 2, 1, 83, 6, 22, 50),
	(1385, 101, 108, '2021', 2, 1, 87, 4, 10, 159),
	(1386, 101, 122, '2021', 2, 1, 51, 6, 16, 163),
	(1387, 101, 134, '2021', 2, 2, 72, 5, 23, 122),
	(1388, 101, 148, '2021', 2, 2, 97, 9, 18, 175),
	(1389, 101, 153, '2021', 2, 2, 70, 7, 10, 101),
	(1390, 101, 57, '2021', 2, 2, 71, 5, 17, 147),
	(1391, 101, 77, '2021', 2, 2, 81, 8, 20, 111),
	(1392, 101, 99, '2021', 2, 2, 52, 8, 24, 198),
	(1393, 102, 2, '2021', 1, 1, 56, 1, 22, 91),
	(1394, 102, 130, '2021', 1, 1, 98, 3, 18, 150),
	(1395, 102, 142, '2021', 1, 1, 59, 8, 19, 134),
	(1396, 102, 10, '2021', 1, 1, 92, 2, 11, 61),
	(1397, 102, 54, '2021', 1, 1, 63, 1, 10, 160),
	(1398, 102, 63, '2021', 1, 1, 83, 1, 11, 150),
	(1399, 102, 107, '2021', 1, 1, 94, 7, 15, 116),
	(1400, 102, 120, '2021', 1, 2, 64, 6, 18, 163),
	(1401, 102, 133, '2021', 1, 2, 58, 3, 20, 124),
	(1402, 102, 145, '2021', 1, 2, 57, 9, 19, 54),
	(1403, 102, 153, '2021', 1, 2, 60, 8, 12, 141),
	(1404, 102, 56, '2021', 1, 2, 75, 4, 21, 86),
	(1405, 102, 70, '2021', 1, 2, 56, 9, 19, 114),
	(1406, 102, 99, '2021', 1, 2, 61, 5, 16, 90),
	(1407, 102, 3, '2021', 2, 1, 87, 7, 16, 79),
	(1408, 102, 128, '2021', 2, 1, 56, 9, 17, 71),
	(1409, 102, 147, '2021', 2, 1, 89, 4, 10, 98),
	(1410, 102, 10, '2021', 2, 1, 91, 1, 10, 133),
	(1411, 102, 55, '2021', 2, 1, 65, 8, 11, 130),
	(1412, 102, 63, '2021', 2, 1, 86, 5, 22, 175),
	(1413, 102, 108, '2021', 2, 1, 70, 7, 23, 179),
	(1414, 102, 122, '2021', 2, 1, 85, 4, 10, 164),
	(1415, 102, 134, '2021', 2, 2, 99, 6, 21, 70),
	(1416, 102, 148, '2021', 2, 2, 64, 4, 17, 119),
	(1417, 102, 153, '2021', 2, 2, 99, 2, 18, 64),
	(1418, 102, 57, '2021', 2, 2, 77, 3, 10, 149),
	(1419, 102, 77, '2021', 2, 2, 66, 1, 18, 158),
	(1420, 102, 99, '2021', 2, 2, 98, 2, 23, 155),
	(1421, 103, 2, '2021', 1, 1, 91, 4, 16, 104),
	(1422, 103, 130, '2021', 1, 1, 79, 6, 13, 84),
	(1423, 103, 142, '2021', 1, 1, 92, 2, 24, 109),
	(1424, 103, 10, '2021', 1, 1, 74, 4, 10, 179),
	(1425, 103, 54, '2021', 1, 1, 68, 9, 23, 194),
	(1426, 103, 63, '2021', 1, 1, 87, 3, 18, 192),
	(1427, 103, 107, '2021', 1, 1, 93, 4, 24, 128),
	(1428, 103, 120, '2021', 1, 2, 95, 7, 17, 148),
	(1429, 103, 133, '2021', 1, 2, 75, 2, 12, 152),
	(1430, 103, 145, '2021', 1, 2, 96, 4, 19, 75),
	(1431, 103, 153, '2021', 1, 2, 56, 8, 12, 168),
	(1432, 103, 56, '2021', 1, 2, 61, 2, 16, 54),
	(1433, 103, 70, '2021', 1, 2, 71, 7, 13, 177),
	(1434, 103, 99, '2021', 1, 2, 60, 4, 15, 112),
	(1435, 103, 3, '2021', 2, 1, 70, 6, 12, 55),
	(1436, 103, 128, '2021', 2, 1, 52, 8, 16, 77),
	(1437, 103, 147, '2021', 2, 1, 96, 5, 22, 105),
	(1438, 103, 10, '2021', 2, 1, 64, 8, 19, 133),
	(1439, 103, 55, '2021', 2, 1, 74, 8, 20, 188),
	(1440, 103, 63, '2021', 2, 1, 73, 4, 24, 195),
	(1441, 103, 108, '2021', 2, 1, 73, 9, 11, 121),
	(1442, 103, 122, '2021', 2, 1, 59, 7, 17, 70),
	(1443, 103, 134, '2021', 2, 2, 60, 5, 13, 135),
	(1444, 103, 148, '2021', 2, 2, 65, 8, 10, 196),
	(1445, 103, 153, '2021', 2, 2, 73, 7, 12, 194),
	(1446, 103, 57, '2021', 2, 2, 89, 7, 20, 78),
	(1447, 103, 77, '2021', 2, 2, 83, 5, 24, 177),
	(1448, 103, 99, '2021', 2, 2, 66, 9, 14, 181),
	(1449, 104, 2, '2021', 1, 1, 54, 9, 14, 70),
	(1450, 104, 130, '2021', 1, 1, 60, 7, 12, 72),
	(1451, 104, 142, '2021', 1, 1, 75, 3, 12, 82),
	(1452, 104, 10, '2021', 1, 1, 77, 7, 14, 98),
	(1453, 104, 54, '2021', 1, 1, 60, 7, 10, 58),
	(1454, 104, 63, '2021', 1, 1, 83, 4, 16, 190),
	(1455, 104, 107, '2021', 1, 1, 97, 6, 15, 91),
	(1456, 104, 120, '2021', 1, 2, 72, 2, 15, 112),
	(1457, 104, 133, '2021', 1, 2, 98, 1, 19, 137),
	(1458, 104, 145, '2021', 1, 2, 67, 8, 24, 145),
	(1459, 104, 153, '2021', 1, 2, 56, 6, 20, 66),
	(1460, 104, 56, '2021', 1, 2, 97, 1, 10, 141),
	(1461, 104, 70, '2021', 1, 2, 69, 3, 13, 108),
	(1462, 104, 99, '2021', 1, 2, 65, 1, 15, 141),
	(1463, 104, 3, '2021', 2, 1, 72, 7, 23, 104),
	(1464, 104, 128, '2021', 2, 1, 92, 7, 16, 73),
	(1465, 104, 147, '2021', 2, 1, 96, 5, 21, 87),
	(1466, 104, 10, '2021', 2, 1, 78, 1, 14, 189),
	(1467, 104, 55, '2021', 2, 1, 63, 8, 16, 108),
	(1468, 104, 63, '2021', 2, 1, 52, 9, 14, 84),
	(1469, 104, 108, '2021', 2, 1, 99, 1, 15, 132),
	(1470, 104, 122, '2021', 2, 1, 85, 4, 11, 188),
	(1471, 104, 134, '2021', 2, 2, 96, 1, 11, 174),
	(1472, 104, 148, '2021', 2, 2, 89, 8, 24, 124),
	(1473, 104, 153, '2021', 2, 2, 69, 8, 10, 97),
	(1474, 104, 57, '2021', 2, 2, 71, 7, 20, 184),
	(1475, 104, 77, '2021', 2, 2, 86, 6, 10, 146),
	(1476, 104, 99, '2021', 2, 2, 58, 9, 23, 125),
	(1477, 105, 2, '2021', 1, 1, 84, 5, 16, 83),
	(1478, 105, 130, '2021', 1, 1, 92, 2, 19, 170),
	(1479, 105, 142, '2021', 1, 1, 74, 3, 16, 178),
	(1480, 105, 10, '2021', 1, 1, 95, 5, 23, 142),
	(1481, 105, 54, '2021', 1, 1, 78, 8, 12, 180),
	(1482, 105, 63, '2021', 1, 1, 73, 5, 10, 92),
	(1483, 105, 107, '2021', 1, 1, 56, 6, 12, 184),
	(1484, 105, 120, '2021', 1, 2, 91, 4, 22, 123),
	(1485, 105, 133, '2021', 1, 2, 80, 4, 17, 87),
	(1486, 105, 145, '2021', 1, 2, 67, 6, 15, 57),
	(1487, 105, 153, '2021', 1, 2, 80, 8, 12, 82),
	(1488, 105, 56, '2021', 1, 2, 56, 2, 14, 173),
	(1489, 105, 70, '2021', 1, 2, 86, 8, 12, 67),
	(1490, 105, 99, '2021', 1, 2, 61, 5, 16, 103),
	(1491, 105, 3, '2021', 2, 1, 80, 4, 12, 197),
	(1492, 105, 128, '2021', 2, 1, 84, 2, 16, 54),
	(1493, 105, 147, '2021', 2, 1, 55, 8, 12, 118),
	(1494, 105, 10, '2021', 2, 1, 82, 5, 20, 175),
	(1495, 105, 55, '2021', 2, 1, 71, 2, 20, 52),
	(1496, 105, 63, '2021', 2, 1, 62, 9, 14, 73),
	(1497, 105, 108, '2021', 2, 1, 66, 3, 16, 163),
	(1498, 105, 122, '2021', 2, 1, 60, 8, 13, 136),
	(1499, 105, 134, '2021', 2, 2, 75, 3, 12, 158),
	(1500, 105, 148, '2021', 2, 2, 66, 6, 22, 157),
	(1501, 105, 153, '2021', 2, 2, 84, 5, 16, 152),
	(1502, 105, 57, '2021', 2, 2, 65, 1, 22, 167),
	(1503, 105, 77, '2021', 2, 2, 58, 6, 19, 149),
	(1504, 105, 99, '2021', 2, 2, 97, 6, 12, 142),
	(1505, 106, 2, '2021', 1, 1, 91, 1, 11, 153),
	(1506, 106, 130, '2021', 1, 1, 65, 2, 22, 191),
	(1507, 106, 142, '2021', 1, 1, 93, 6, 11, 178),
	(1508, 106, 10, '2021', 1, 1, 77, 8, 17, 167),
	(1509, 106, 54, '2021', 1, 1, 58, 3, 12, 147),
	(1510, 106, 63, '2021', 1, 1, 93, 7, 12, 139),
	(1511, 106, 107, '2021', 1, 1, 79, 6, 14, 54),
	(1512, 106, 120, '2021', 1, 2, 64, 4, 23, 139),
	(1513, 106, 133, '2021', 1, 2, 86, 3, 16, 177),
	(1514, 106, 145, '2021', 1, 2, 90, 1, 10, 85),
	(1515, 106, 153, '2021', 1, 2, 82, 4, 24, 179),
	(1516, 106, 56, '2021', 1, 2, 76, 2, 17, 83),
	(1517, 106, 70, '2021', 1, 2, 98, 3, 10, 193),
	(1518, 106, 99, '2021', 1, 2, 80, 3, 18, 179),
	(1519, 106, 3, '2021', 2, 1, 88, 4, 11, 133),
	(1520, 106, 128, '2021', 2, 1, 51, 4, 15, 56),
	(1521, 106, 147, '2021', 2, 1, 85, 2, 14, 74),
	(1522, 106, 10, '2021', 2, 1, 60, 3, 23, 162),
	(1523, 106, 55, '2021', 2, 1, 51, 6, 23, 73),
	(1524, 106, 63, '2021', 2, 1, 92, 7, 17, 55),
	(1525, 106, 108, '2021', 2, 1, 98, 5, 20, 114),
	(1526, 106, 122, '2021', 2, 1, 50, 9, 20, 91),
	(1527, 106, 134, '2021', 2, 2, 54, 6, 19, 106),
	(1528, 106, 148, '2021', 2, 2, 62, 9, 15, 158),
	(1529, 106, 153, '2021', 2, 2, 58, 6, 24, 103),
	(1530, 106, 57, '2021', 2, 2, 59, 1, 22, 191),
	(1531, 106, 77, '2021', 2, 2, 65, 5, 12, 161),
	(1532, 106, 99, '2021', 2, 2, 88, 8, 12, 159),
	(1533, 107, 2, '2021', 1, 1, 68, 5, 14, 91),
	(1534, 107, 130, '2021', 1, 1, 62, 6, 16, 99),
	(1535, 107, 142, '2021', 1, 1, 91, 6, 11, 109),
	(1536, 107, 10, '2021', 1, 1, 60, 4, 15, 166),
	(1537, 107, 54, '2021', 1, 1, 90, 5, 18, 104),
	(1538, 107, 63, '2021', 1, 1, 92, 6, 11, 170),
	(1539, 107, 107, '2021', 1, 1, 50, 1, 16, 134),
	(1540, 107, 120, '2021', 1, 2, 61, 3, 24, 144),
	(1541, 107, 133, '2021', 1, 2, 56, 9, 15, 197),
	(1542, 107, 145, '2021', 1, 2, 78, 1, 15, 98),
	(1543, 107, 153, '2021', 1, 2, 87, 1, 12, 73),
	(1544, 107, 56, '2021', 1, 2, 72, 9, 17, 129),
	(1545, 107, 70, '2021', 1, 2, 96, 5, 21, 133),
	(1546, 107, 99, '2021', 1, 2, 94, 7, 23, 135),
	(1547, 107, 3, '2021', 2, 1, 96, 4, 23, 65),
	(1548, 107, 128, '2021', 2, 1, 55, 4, 14, 150),
	(1549, 107, 147, '2021', 2, 1, 71, 2, 20, 52),
	(1550, 107, 10, '2021', 2, 1, 99, 7, 18, 73),
	(1551, 107, 55, '2021', 2, 1, 59, 8, 22, 168),
	(1552, 107, 63, '2021', 2, 1, 88, 8, 10, 68),
	(1553, 107, 108, '2021', 2, 1, 94, 6, 11, 87),
	(1554, 107, 122, '2021', 2, 1, 89, 8, 14, 86),
	(1555, 107, 134, '2021', 2, 2, 84, 1, 19, 117),
	(1556, 107, 148, '2021', 2, 2, 83, 6, 24, 79),
	(1557, 107, 153, '2021', 2, 2, 61, 2, 11, 96),
	(1558, 107, 57, '2021', 2, 2, 50, 1, 19, 123),
	(1559, 107, 77, '2021', 2, 2, 98, 9, 12, 170),
	(1560, 107, 99, '2021', 2, 2, 65, 5, 16, 51),
	(1561, 108, 2, '2021', 1, 1, 66, 7, 24, 177),
	(1562, 108, 130, '2021', 1, 1, 75, 6, 14, 150),
	(1563, 108, 142, '2021', 1, 1, 95, 7, 13, 52),
	(1564, 108, 10, '2021', 1, 1, 51, 3, 11, 100),
	(1565, 108, 54, '2021', 1, 1, 95, 9, 24, 186),
	(1566, 108, 63, '2021', 1, 1, 70, 3, 19, 78),
	(1567, 108, 107, '2021', 1, 1, 68, 8, 15, 113),
	(1568, 108, 120, '2021', 1, 2, 80, 2, 17, 175),
	(1569, 108, 133, '2021', 1, 2, 88, 9, 21, 115),
	(1570, 108, 145, '2021', 1, 2, 66, 8, 10, 161),
	(1571, 108, 153, '2021', 1, 2, 93, 5, 10, 95),
	(1572, 108, 56, '2021', 1, 2, 74, 1, 14, 145),
	(1573, 108, 70, '2021', 1, 2, 56, 2, 23, 185),
	(1574, 108, 99, '2021', 1, 2, 57, 7, 15, 105),
	(1575, 108, 3, '2021', 2, 1, 91, 6, 24, 145),
	(1576, 108, 128, '2021', 2, 1, 73, 3, 16, 194),
	(1577, 108, 147, '2021', 2, 1, 94, 4, 22, 60),
	(1578, 108, 10, '2021', 2, 1, 69, 4, 22, 107),
	(1579, 108, 55, '2021', 2, 1, 68, 5, 13, 172),
	(1580, 108, 63, '2021', 2, 1, 77, 8, 22, 132),
	(1581, 108, 108, '2021', 2, 1, 85, 8, 22, 79),
	(1582, 108, 122, '2021', 2, 1, 69, 9, 17, 135),
	(1583, 108, 134, '2021', 2, 2, 68, 5, 19, 154),
	(1584, 108, 148, '2021', 2, 2, 54, 6, 23, 107),
	(1585, 108, 153, '2021', 2, 2, 87, 8, 22, 136),
	(1586, 108, 57, '2021', 2, 2, 79, 3, 22, 61),
	(1587, 108, 77, '2021', 2, 2, 78, 5, 21, 99),
	(1588, 108, 99, '2021', 2, 2, 71, 8, 24, 95),
	(1589, 109, 2, '2021', 1, 1, 91, 9, 11, 184),
	(1590, 109, 130, '2021', 1, 1, 94, 8, 12, 166),
	(1591, 109, 142, '2021', 1, 1, 51, 4, 22, 149),
	(1592, 109, 10, '2021', 1, 1, 59, 4, 20, 51),
	(1593, 109, 54, '2021', 1, 1, 78, 9, 11, 109),
	(1594, 109, 63, '2021', 1, 1, 52, 6, 22, 183),
	(1595, 109, 107, '2021', 1, 1, 71, 2, 21, 163),
	(1596, 109, 120, '2021', 1, 2, 50, 9, 23, 98),
	(1597, 109, 133, '2021', 1, 2, 66, 1, 15, 149),
	(1598, 109, 145, '2021', 1, 2, 78, 9, 18, 79),
	(1599, 109, 153, '2021', 1, 2, 87, 3, 21, 172),
	(1600, 109, 56, '2021', 1, 2, 56, 1, 13, 132),
	(1601, 109, 70, '2021', 1, 2, 93, 7, 10, 101),
	(1602, 109, 99, '2021', 1, 2, 90, 6, 13, 131),
	(1603, 109, 3, '2021', 2, 1, 79, 4, 11, 132),
	(1604, 109, 128, '2021', 2, 1, 77, 4, 19, 120),
	(1605, 109, 147, '2021', 2, 1, 62, 4, 15, 116),
	(1606, 109, 10, '2021', 2, 1, 58, 8, 10, 149),
	(1607, 109, 55, '2021', 2, 1, 53, 7, 18, 68),
	(1608, 109, 63, '2021', 2, 1, 86, 8, 18, 164),
	(1609, 109, 108, '2021', 2, 1, 76, 3, 17, 72),
	(1610, 109, 122, '2021', 2, 1, 69, 3, 14, 82),
	(1611, 109, 134, '2021', 2, 2, 67, 3, 10, 109),
	(1612, 109, 148, '2021', 2, 2, 50, 4, 13, 72),
	(1613, 109, 153, '2021', 2, 2, 92, 9, 21, 113),
	(1614, 109, 57, '2021', 2, 2, 68, 2, 12, 114),
	(1615, 109, 77, '2021', 2, 2, 74, 8, 11, 83),
	(1616, 109, 99, '2021', 2, 2, 58, 1, 16, 72),
	(1617, 110, 2, '2021', 1, 1, 66, 6, 18, 175),
	(1618, 110, 130, '2021', 1, 1, 53, 3, 19, 191),
	(1619, 110, 142, '2021', 1, 1, 84, 5, 24, 131),
	(1620, 110, 10, '2021', 1, 1, 83, 9, 20, 141),
	(1621, 110, 54, '2021', 1, 1, 78, 7, 22, 109),
	(1622, 110, 63, '2021', 1, 1, 83, 8, 13, 180),
	(1623, 110, 107, '2021', 1, 1, 78, 9, 11, 96),
	(1624, 110, 120, '2021', 1, 2, 91, 7, 11, 94),
	(1625, 110, 133, '2021', 1, 2, 77, 5, 10, 169),
	(1626, 110, 145, '2021', 1, 2, 57, 7, 15, 74),
	(1627, 110, 153, '2021', 1, 2, 97, 1, 15, 54),
	(1628, 110, 56, '2021', 1, 2, 71, 9, 24, 195),
	(1629, 110, 70, '2021', 1, 2, 84, 6, 17, 123),
	(1630, 110, 99, '2021', 1, 2, 89, 2, 14, 70),
	(1631, 110, 3, '2021', 2, 1, 50, 5, 12, 129),
	(1632, 110, 128, '2021', 2, 1, 63, 7, 11, 66),
	(1633, 110, 147, '2021', 2, 1, 69, 2, 15, 181),
	(1634, 110, 10, '2021', 2, 1, 94, 9, 11, 85),
	(1635, 110, 55, '2021', 2, 1, 75, 1, 13, 76),
	(1636, 110, 63, '2021', 2, 1, 56, 8, 10, 119),
	(1637, 110, 108, '2021', 2, 1, 89, 2, 21, 84),
	(1638, 110, 122, '2021', 2, 1, 74, 2, 15, 104),
	(1639, 110, 134, '2021', 2, 2, 74, 7, 11, 79),
	(1640, 110, 148, '2021', 2, 2, 70, 2, 17, 148),
	(1641, 110, 153, '2021', 2, 2, 94, 8, 23, 94),
	(1642, 110, 57, '2021', 2, 2, 66, 8, 20, 77),
	(1643, 110, 77, '2021', 2, 2, 75, 6, 22, 125),
	(1644, 110, 99, '2021', 2, 2, 77, 8, 17, 56),
	(1645, 111, 2, '2021', 1, 1, 84, 5, 21, 75),
	(1646, 111, 130, '2021', 1, 1, 95, 2, 19, 163),
	(1647, 111, 142, '2021', 1, 1, 58, 1, 22, 135),
	(1648, 111, 10, '2021', 1, 1, 78, 8, 21, 94),
	(1649, 111, 54, '2021', 1, 1, 87, 8, 21, 127),
	(1650, 111, 63, '2021', 1, 1, 88, 5, 21, 144),
	(1651, 111, 107, '2021', 1, 1, 55, 6, 17, 64),
	(1652, 111, 120, '2021', 1, 2, 88, 7, 22, 175),
	(1653, 111, 133, '2021', 1, 2, 59, 1, 22, 54),
	(1654, 111, 145, '2021', 1, 2, 73, 1, 16, 63),
	(1655, 111, 153, '2021', 1, 2, 87, 1, 17, 135),
	(1656, 111, 56, '2021', 1, 2, 76, 8, 12, 80),
	(1657, 111, 70, '2021', 1, 2, 77, 1, 14, 136),
	(1658, 111, 99, '2021', 1, 2, 94, 9, 10, 139),
	(1659, 111, 3, '2021', 2, 1, 96, 5, 22, 123),
	(1660, 111, 128, '2021', 2, 1, 61, 5, 12, 164),
	(1661, 111, 147, '2021', 2, 1, 50, 7, 12, 78),
	(1662, 111, 10, '2021', 2, 1, 81, 8, 17, 75),
	(1663, 111, 55, '2021', 2, 1, 96, 9, 23, 168),
	(1664, 111, 63, '2021', 2, 1, 69, 8, 20, 140),
	(1665, 111, 108, '2021', 2, 1, 56, 5, 15, 189),
	(1666, 111, 122, '2021', 2, 1, 99, 9, 23, 143),
	(1667, 111, 134, '2021', 2, 2, 57, 1, 10, 194),
	(1668, 111, 148, '2021', 2, 2, 80, 1, 18, 81),
	(1669, 111, 153, '2021', 2, 2, 51, 8, 19, 162),
	(1670, 111, 57, '2021', 2, 2, 73, 6, 14, 138),
	(1671, 111, 77, '2021', 2, 2, 53, 5, 22, 61),
	(1672, 111, 99, '2021', 2, 2, 75, 4, 13, 197),
	(1673, 112, 2, '2021', 1, 1, 80, 8, 10, 186),
	(1674, 112, 130, '2021', 1, 1, 54, 6, 16, 106),
	(1675, 112, 142, '2021', 1, 1, 63, 5, 15, 121),
	(1676, 112, 10, '2021', 1, 1, 72, 7, 20, 103),
	(1677, 112, 54, '2021', 1, 1, 57, 2, 13, 165),
	(1678, 112, 63, '2021', 1, 1, 64, 3, 15, 127),
	(1679, 112, 107, '2021', 1, 1, 91, 4, 19, 119),
	(1680, 112, 120, '2021', 1, 2, 58, 8, 19, 155),
	(1681, 112, 133, '2021', 1, 2, 77, 4, 15, 116),
	(1682, 112, 145, '2021', 1, 2, 96, 6, 10, 56),
	(1683, 112, 153, '2021', 1, 2, 73, 7, 24, 102),
	(1684, 112, 56, '2021', 1, 2, 81, 9, 23, 55),
	(1685, 112, 70, '2021', 1, 2, 95, 6, 20, 190),
	(1686, 112, 99, '2021', 1, 2, 71, 6, 24, 84),
	(1687, 112, 3, '2021', 2, 1, 77, 1, 19, 81),
	(1688, 112, 128, '2021', 2, 1, 80, 3, 19, 155),
	(1689, 112, 147, '2021', 2, 1, 53, 1, 14, 76),
	(1690, 112, 10, '2021', 2, 1, 98, 7, 10, 65),
	(1691, 112, 55, '2021', 2, 1, 64, 2, 10, 126),
	(1692, 112, 63, '2021', 2, 1, 50, 1, 11, 128),
	(1693, 112, 108, '2021', 2, 1, 82, 6, 14, 126),
	(1694, 112, 122, '2021', 2, 1, 89, 5, 10, 105),
	(1695, 112, 134, '2021', 2, 2, 57, 5, 10, 52),
	(1696, 112, 148, '2021', 2, 2, 58, 1, 17, 115),
	(1697, 112, 153, '2021', 2, 2, 98, 3, 10, 135),
	(1698, 112, 57, '2021', 2, 2, 79, 1, 23, 199),
	(1699, 112, 77, '2021', 2, 2, 56, 4, 16, 142),
	(1701, 113, 2, '2021', 1, 1, 66, 7, 18, 140),
	(1702, 113, 130, '2021', 1, 1, 91, 2, 18, 130),
	(1703, 113, 142, '2021', 1, 1, 71, 7, 24, 170),
	(1704, 113, 10, '2021', 1, 1, 71, 3, 15, 116),
	(1705, 113, 54, '2021', 1, 1, 88, 2, 19, 56),
	(1706, 113, 63, '2021', 1, 1, 79, 5, 24, 89),
	(1707, 113, 107, '2021', 1, 1, 52, 3, 24, 69),
	(1708, 113, 120, '2021', 1, 2, 98, 7, 17, 93),
	(1709, 113, 133, '2021', 1, 2, 82, 6, 12, 175),
	(1710, 113, 145, '2021', 1, 2, 99, 7, 11, 117),
	(1711, 113, 153, '2021', 1, 2, 63, 4, 13, 112),
	(1712, 113, 56, '2021', 1, 2, 58, 1, 21, 94),
	(1713, 113, 70, '2021', 1, 2, 62, 7, 20, 166),
	(1714, 113, 99, '2021', 1, 2, 58, 6, 18, 70),
	(1715, 113, 3, '2021', 2, 1, 54, 3, 15, 77),
	(1716, 113, 128, '2021', 2, 1, 99, 9, 24, 68),
	(1717, 113, 147, '2021', 2, 1, 78, 7, 19, 164),
	(1718, 113, 10, '2021', 2, 1, 71, 2, 22, 51),
	(1719, 113, 55, '2021', 2, 1, 69, 6, 12, 163),
	(1720, 113, 63, '2021', 2, 1, 59, 8, 14, 60),
	(1721, 113, 108, '2021', 2, 1, 66, 6, 12, 152),
	(1722, 113, 122, '2021', 2, 1, 86, 4, 20, 106),
	(1723, 113, 134, '2021', 2, 2, 74, 7, 10, 88),
	(1724, 113, 148, '2021', 2, 2, 88, 3, 24, 104),
	(1725, 113, 153, '2021', 2, 2, 91, 8, 18, 66),
	(1726, 113, 57, '2021', 2, 2, 89, 5, 22, 141),
	(1727, 113, 77, '2021', 2, 2, 84, 4, 10, 65),
	(1728, 113, 99, '2021', 2, 2, 65, 7, 23, 84),
	(1729, 114, 2, '2021', 1, 1, 91, 2, 19, 81),
	(1730, 114, 130, '2021', 1, 1, 70, 9, 24, 162),
	(1731, 114, 142, '2021', 1, 1, 60, 6, 17, 141),
	(1732, 114, 10, '2021', 1, 1, 61, 3, 13, 193),
	(1733, 114, 54, '2021', 1, 1, 74, 3, 20, 169),
	(1734, 114, 63, '2021', 1, 1, 87, 3, 22, 196),
	(1735, 114, 107, '2021', 1, 1, 77, 9, 22, 66),
	(1736, 114, 120, '2021', 1, 2, 55, 2, 12, 125),
	(1737, 114, 133, '2021', 1, 2, 98, 9, 12, 84),
	(1738, 114, 145, '2021', 1, 2, 74, 9, 14, 60),
	(1739, 114, 153, '2021', 1, 2, 57, 4, 23, 147),
	(1740, 114, 56, '2021', 1, 2, 64, 1, 12, 158),
	(1741, 114, 70, '2021', 1, 2, 99, 3, 24, 169),
	(1742, 114, 99, '2021', 1, 2, 62, 9, 15, 72),
	(1743, 114, 3, '2021', 2, 1, 83, 8, 10, 128),
	(1744, 114, 128, '2021', 2, 1, 87, 1, 22, 56),
	(1745, 114, 147, '2021', 2, 1, 86, 6, 13, 126),
	(1746, 114, 10, '2021', 2, 1, 93, 6, 13, 119),
	(1747, 114, 55, '2021', 2, 1, 77, 3, 12, 113),
	(1748, 114, 63, '2021', 2, 1, 62, 5, 15, 80),
	(1749, 114, 108, '2021', 2, 1, 95, 7, 14, 97),
	(1750, 114, 122, '2021', 2, 1, 63, 3, 20, 150),
	(1751, 114, 134, '2021', 2, 2, 86, 7, 13, 102),
	(1752, 114, 148, '2021', 2, 2, 89, 7, 23, 67),
	(1753, 114, 153, '2021', 2, 2, 59, 1, 14, 53),
	(1754, 114, 57, '2021', 2, 2, 99, 9, 24, 89),
	(1755, 114, 77, '2021', 2, 2, 95, 6, 12, 183),
	(1756, 114, 99, '2021', 2, 2, 67, 3, 14, 134),
	(1757, 115, 2, '2021', 1, 1, 50, 8, 20, 65),
	(1758, 115, 130, '2021', 1, 1, 77, 3, 16, 196),
	(1759, 115, 142, '2021', 1, 1, 60, 2, 23, 140),
	(1760, 115, 10, '2021', 1, 1, 72, 2, 18, 168),
	(1761, 115, 54, '2021', 1, 1, 87, 9, 24, 95),
	(1762, 115, 63, '2021', 1, 1, 67, 5, 17, 93),
	(1763, 115, 107, '2021', 1, 1, 67, 6, 21, 138),
	(1764, 115, 120, '2021', 1, 2, 85, 3, 23, 156),
	(1765, 115, 133, '2021', 1, 2, 60, 9, 11, 155),
	(1766, 115, 145, '2021', 1, 2, 91, 6, 24, 168),
	(1767, 115, 153, '2021', 1, 2, 70, 1, 13, 97),
	(1768, 115, 56, '2021', 1, 2, 51, 9, 11, 119),
	(1769, 115, 70, '2021', 1, 2, 54, 6, 10, 119),
	(1770, 115, 99, '2021', 1, 2, 73, 4, 11, 171),
	(1771, 115, 3, '2021', 2, 1, 95, 1, 14, 197),
	(1772, 115, 128, '2021', 2, 1, 75, 1, 13, 144),
	(1773, 115, 147, '2021', 2, 1, 95, 5, 19, 174),
	(1774, 115, 10, '2021', 2, 1, 57, 6, 10, 78),
	(1775, 115, 55, '2021', 2, 1, 86, 4, 20, 110),
	(1776, 115, 63, '2021', 2, 1, 77, 9, 23, 75),
	(1777, 115, 108, '2021', 2, 1, 81, 4, 22, 92),
	(1778, 115, 122, '2021', 2, 1, 80, 1, 10, 167),
	(1779, 115, 134, '2021', 2, 2, 50, 2, 19, 147),
	(1780, 115, 148, '2021', 2, 2, 81, 7, 17, 86),
	(1781, 115, 153, '2021', 2, 2, 85, 7, 12, 163),
	(1782, 115, 57, '2021', 2, 2, 68, 2, 24, 143),
	(1783, 115, 77, '2021', 2, 2, 88, 8, 23, 153),
	(1784, 115, 99, '2021', 2, 2, 69, 8, 19, 146),
	(1786, 93, 126, '2023', 1, 1, 79, 4, 9, 65),
	(1787, 93, 3, '2023', 1, 1, 89, 3, 4, 32),
	(1788, 93, 161, '2023', 1, 1, 98, 1, 1, 3),
	(1789, 93, 10, '2023', 1, 1, 95, 1, 3, 17),
	(1790, 93, 142, '2023', 1, 1, 81, 2, 8, 86),
	(1791, 93, 126, '2023', 2, 2, 85, 2, 5, 42),
	(1792, 93, 3, '2023', 2, 2, 97, 1, 2, 5),
	(1793, 93, 142, '2023', 2, 2, 98, 1, 1, 2),
	(1794, 93, 10, '2023', 2, 2, 92, 1, 4, 56),
	(1795, 93, 161, '2023', 2, 2, 65, 5, 11, 198),
	(1796, 112, 161, '2023', 1, 1, 78, 3, 9, 35),
	(1797, 112, 126, '2023', 1, 1, 43, 6, 15, 241),
	(1798, 112, 3, '2023', 1, 1, 69, 4, 11, 50),
	(1799, 112, 10, '2023', 1, 1, 100, 1, 1, 1),
	(1800, 112, 142, '2023', 1, 1, 68, 5, 12, 58),
	(1806, 99, 37, '2023', 2, 2, 100, 1, 1, 1);
/*!40000 ALTER TABLE `aca_result` ENABLE KEYS */;

-- 테이블 team_c.mock_result 구조 내보내기
CREATE TABLE IF NOT EXISTS `mock_result` (
  `result_id` bigint(20) NOT NULL AUTO_INCREMENT,
  `user_id` bigint(20) NOT NULL,
  `subject_id` bigint(20) NOT NULL,
  `year` char(4) NOT NULL DEFAULT '0',
  `mon` tinyint(4) NOT NULL DEFAULT 0,
  `standard_score` tinyint(4) unsigned DEFAULT NULL,
  `rating` tinyint(4) NOT NULL,
  `percent` tinyint(4) DEFAULT NULL,
  PRIMARY KEY (`result_id`),
  KEY `FK_user_TO_mock_result_1` (`user_id`),
  KEY `FK_subject_TO_mock_result_1` (`subject_id`),
  CONSTRAINT `FK_subject_TO_mock_result_1` FOREIGN KEY (`subject_id`) REFERENCES `subject` (`subject_id`),
  CONSTRAINT `FK_user_TO_mock_result_1` FOREIGN KEY (`user_id`) REFERENCES `user` (`user_id`)
) ENGINE=InnoDB AUTO_INCREMENT=902 DEFAULT CHARSET=utf8mb4 COLLATE=utf8mb4_general_ci;

-- 테이블 데이터 team_c.mock_result:~759 rows (대략적) 내보내기
/*!40000 ALTER TABLE `mock_result` DISABLE KEYS */;
INSERT INTO `mock_result` (`result_id`, `user_id`, `subject_id`, `year`, `mon`, `standard_score`, `rating`, `percent`) VALUES
	(13, 2, 4, '2023', 3, 134, 1, 97),
	(14, 2, 5, '2023', 3, 129, 2, 90),
	(15, 2, 7, '2023', 3, NULL, 1, NULL),
	(16, 2, 26, '2023', 3, 75, 1, 99),
	(17, 2, 24, '2023', 3, 61, 3, 86),
	(18, 2, 9, '2023', 3, NULL, 2, NULL),
	(24, 2, 9, '2023', 3, NULL, 3, NULL),
	(25, 2, 4, '2023', 9, 143, 2, 81),
	(26, 2, 5, '2023', 9, 132, 2, 60),
	(27, 2, 7, '2023', 9, NULL, 3, NULL),
	(28, 2, 16, '2023', 9, 66, 3, 83),
	(29, 2, 18, '2023', 9, 72, 3, 87),
	(30, 2, 9, '2023', 9, NULL, 3, NULL),
	(31, 2, 48, '2023', 9, 80, 1, 94),
	(32, 2, 49, '2023', 9, 50, 4, 62),
	(33, 2, 181, '2023', 9, 72, 3, 70),
	(34, 3, 4, '2023', 3, 91, 4, 71),
	(35, 3, 5, '2023', 3, 71, 6, 42),
	(36, 3, 7, '2023', 3, NULL, 3, NULL),
	(37, 3, 16, '2023', 3, 40, 5, 83),
	(38, 3, 14, '2023', 3, 63, 5, 87),
	(39, 3, 9, '2023', 3, NULL, 5, NULL),
	(40, 3, 48, '2023', 3, 70, 3, 51),
	(41, 3, 49, '2023', 3, 82, 4, 61),
	(42, 3, 181, '2023', 3, 20, 8, 10),
	(52, 3, 4, '2023', 9, 124, 2, 88),
	(53, 3, 5, '2023', 9, 73, 4, 70),
	(54, 3, 7, '2023', 9, NULL, 2, NULL),
	(55, 3, 16, '2023', 9, 32, 7, 32),
	(56, 3, 14, '2023', 9, 52, 6, 80),
	(57, 3, 5, '2023', 9, 100, 1, 1),
	(58, 3, 5, '2023', 9, 72, 6, 81),
	(59, 3, 9, '2023', 9, 128, 1, 1),
	(60, 3, 4, '2023', 9, 128, 2, 1),
	(75, 1, 2, '2023', 3, 110, 1, 1),
	(77, 41, 4, '2023', 3, 120, 1, 1),
	(78, 41, 4, '2023', 3, 120, 1, 1),
	(79, 41, 8, '2023', 3, 120, 1, 1),
	(85, 41, 49, '2023', 3, 100, 2, 9),
	(91, 41, 7, '2023', 0, 0, 0, 0),
	(92, 41, 7, '2023', 0, 150, 1, 99),
	(93, 11, 4, '2023', 3, 100, 1, 10),
	(110, 2, 4, '2023', 6, 135, 1, 1),
	(111, 2, 5, '2023', 6, 135, 1, 1),
	(112, 2, 7, '2023', 6, 135, 1, 1),
	(113, 2, 9, '2023', 6, 135, 1, 1),
	(118, 8, 9, '2023', 6, 115, 2, 9),
	(119, 8, 7, '2023', 6, 130, 1, 1),
	(120, 8, 5, '2023', 6, 10, 9, 99),
	(121, 8, 4, '2023', 6, 110, 3, 20),
	(122, 15, 4, '2023', 6, 110, 3, 20),
	(123, 15, 5, '2023', 6, 110, 3, 20),
	(124, 15, 7, '2023', 6, 120, 2, 10),
	(126, 16, 4, '2023', 6, 130, 1, 2),
	(127, 16, 5, '2023', 6, 100, 4, 31),
	(128, 16, 7, '2023', 6, 100, 4, 38),
	(129, 16, 9, '2023', 6, 80, 5, 48),
	(130, 19, 4, '2023', 6, 80, 5, 48),
	(131, 19, 5, '2023', 6, 80, 5, 48),
	(132, 19, 7, '2023', 6, 80, 5, 48),
	(133, 19, 9, '2023', 6, 80, 5, 48),
	(138, 21, 4, '2023', 6, 133, 5, 49),
	(139, 21, 5, '2023', 6, 100, 3, 21),
	(140, 21, 7, '2023', 6, 70, 6, 58),
	(141, 21, 9, '2023', 6, 70, 7, 67),
	(142, 22, 4, '2023', 6, 110, 2, 10),
	(143, 22, 5, '2023', 6, 98, 4, 30),
	(144, 22, 7, '2023', 6, 98, 4, 30),
	(145, 22, 9, '2023', 6, 98, 4, 30),
	(146, 23, 4, '2023', 6, 120, 2, 10),
	(147, 23, 5, '2023', 6, 128, 1, 3),
	(150, 26, 4, '2023', 6, 133, 5, 51),
	(151, 26, 5, '2023', 6, 110, 3, 19),
	(152, 26, 7, '2023', 6, 40, 8, 81),
	(153, 26, 9, '2023', 6, 40, 7, 71),
	(154, 31, 4, '2023', 6, 40, 7, 71),
	(155, 31, 5, '2023', 6, 40, 8, 81),
	(156, 31, 7, '2023', 6, 100, 4, 40),
	(157, 31, 9, '2023', 6, 1, 9, 100),
	(166, 34, 4, '2023', 6, 20, 8, 81),
	(167, 34, 5, '2023', 6, 20, 8, 81),
	(168, 34, 7, '2023', 6, 20, 8, 81),
	(169, 34, 9, '2023', 6, 20, 8, 81),
	(170, 36, 4, '2023', 6, 20, 8, 81),
	(171, 36, 5, '2023', 6, 30, 7, 71),
	(172, 36, 7, '2023', 6, 30, 7, 71),
	(173, 36, 9, '2023', 6, 30, 7, 71),
	(174, 37, 4, '2023', 6, 30, 7, 71),
	(176, 37, 5, '2023', 6, 110, 3, 18),
	(177, 37, 7, '2023', 6, 110, 3, 18),
	(178, 37, 9, '2023', 6, 110, 3, 18),
	(186, 72, 4, '2023', 3, 12, 9, 12),
	(187, 72, 5, '2023', 3, 123, 9, 100),
	(198, 75, 4, '2023', 6, 1, 1, 1),
	(199, 77, 4, '2023', 3, 1, 1, 1),
	(200, 77, 4, '2023', 9, 1, 1, 1),
	(203, 78, 5, '2023', 6, 1, 1, 1),
	(204, 78, 9, '2023', 9, 1, 1, 1),
	(209, 94, 4, '2023', 6, 95, 5, 60),
	(210, 94, 5, '2023', 6, 63, 8, 96),
	(211, 94, 7, '2023', 6, 83, 6, 77),
	(212, 94, 9, '2023', 6, 125, 2, 11),
	(213, 95, 4, '2023', 6, 117, 3, 24),
	(214, 95, 5, '2023', 6, 72, 7, 89),
	(215, 95, 7, '2023', 6, 107, 4, 40),
	(216, 95, 9, '2023', 6, 131, 1, 1),
	(217, 98, 4, '2023', 6, 118, 3, 23),
	(218, 98, 5, '2023', 6, 120, 3, 20),
	(219, 98, 7, '2023', 6, 120, 3, 20),
	(220, 98, 9, '2023', 6, 95, 5, 40),
	(221, 99, 4, '2023', 6, 140, 1, 1),
	(222, 99, 5, '2023', 6, 127, 2, 9),
	(223, 99, 7, '2023', 6, 87, 6, 70),
	(224, 99, 9, '2023', 6, 97, 4, 38),
	(225, 100, 4, '2023', 6, 101, 5, 33),
	(226, 100, 5, '2023', 6, 77, 7, 81),
	(227, 100, 7, '2023', 6, 93, 6, 64),
	(228, 100, 9, '2023', 6, 34, 7, 86),
	(229, 101, 4, '2023', 6, 65, 8, 94),
	(230, 101, 5, '2023', 6, 62, 9, 97),
	(231, 101, 7, '2023', 6, 97, 5, 57),
	(232, 101, 9, '2023', 6, 119, 3, 20),
	(233, 102, 4, '2023', 6, 96, 5, 58),
	(234, 102, 5, '2023', 6, 96, 5, 58),
	(235, 102, 7, '2023', 6, 105, 5, 42),
	(236, 102, 9, '2023', 6, 103, 5, 44),
	(237, 103, 4, '2023', 6, 63, 9, 97),
	(238, 103, 5, '2023', 6, 77, 7, 84),
	(239, 103, 7, '2023', 6, 89, 6, 67),
	(240, 103, 9, '2023', 6, 100, 5, 54),
	(241, 104, 4, '2023', 6, 126, 2, 10),
	(242, 104, 5, '2023', 6, 132, 1, 4),
	(243, 104, 7, '2023', 6, 120, 3, 18),
	(244, 104, 9, '2023', 6, 110, 4, 32),
	(245, 105, 4, '2023', 6, 114, 4, 30),
	(246, 105, 5, '2023', 6, 115, 4, 30),
	(247, 105, 7, '2023', 6, 101, 5, 50),
	(248, 105, 9, '2023', 6, 60, 9, 98),
	(249, 106, 4, '2023', 6, 126, 2, 10),
	(250, 106, 5, '2023', 6, 125, 2, 11),
	(251, 106, 7, '2023', 6, 130, 2, 5),
	(252, 106, 9, '2023', 6, 120, 3, 18),
	(253, 107, 4, '2023', 6, 140, 1, 1),
	(254, 107, 5, '2023', 6, 127, 2, 9),
	(255, 107, 7, '2023', 6, 97, 5, 55),
	(256, 107, 9, '2023', 6, 110, 4, 30),
	(257, 108, 4, '2023', 6, 106, 5, 41),
	(258, 108, 5, '2023', 6, 105, 5, 42),
	(259, 108, 7, '2023', 6, 88, 6, 70),
	(260, 108, 9, '2023', 6, 60, 9, 2),
	(261, 109, 4, '2023', 6, 106, 5, 41),
	(262, 109, 5, '2023', 6, 107, 4, 39),
	(263, 109, 7, '2023', 6, 75, 7, 15),
	(264, 109, 9, '2023', 6, 75, 7, 15),
	(265, 110, 4, '2023', 6, 80, 7, 20),
	(266, 110, 5, '2023', 6, 105, 5, 43),
	(267, 110, 7, '2023', 6, 140, 1, 1),
	(268, 110, 9, '2023', 6, 120, 3, 17),
	(269, 111, 4, '2023', 6, 72, 7, 89),
	(270, 111, 5, '2023', 6, 73, 7, 90),
	(271, 111, 7, '2023', 6, 65, 8, 94),
	(272, 111, 9, '2023', 6, 110, 4, 40),
	(274, 112, 5, '2023', 6, 108, 4, 38),
	(275, 112, 7, '2023', 6, 103, 5, 41),
	(276, 112, 9, '2023', 6, 118, 3, 23),
	(277, 113, 4, '2023', 6, 126, 2, 10),
	(278, 113, 5, '2023', 6, 110, 3, 15),
	(279, 113, 7, '2023', 6, 137, 1, 2),
	(280, 113, 9, '2023', 6, 84, 6, 77),
	(281, 114, 4, '2023', 6, 140, 1, 1),
	(282, 114, 5, '2023', 6, 132, 1, 4),
	(283, 114, 7, '2023', 6, 134, 1, 3),
	(284, 114, 9, '2023', 6, 137, 1, 2),
	(296, 40, 181, '2023', 12, 99, 99, 99),
	(297, 40, 4, '2023', 3, 95, 2, 92),
	(298, 40, 5, '2023', 3, 92, 1, 91),
	(299, 40, 7, '2023', 3, 100, 1, 95),
	(300, 40, 9, '2023', 3, 89, 3, 85),
	(301, 40, 5, '2023', 6, 82, 2, 89),
	(302, 40, 7, '2023', 6, 75, 3, 79),
	(303, 40, 9, '2023', 6, 89, 2, 90),
	(304, 62, 4, '2023', 3, 100, 1, 1),
	(305, 62, 7, '2023', 3, 90, 1, 1),
	(306, 62, 5, '2023', 3, 80, 1, 1),
	(307, 62, 9, '2023', 3, 80, 3, 1),
	(314, 94, 4, '2023', 3, 95, 5, 60),
	(316, 94, 5, '2023', 3, 63, 8, 96),
	(317, 94, 7, '2023', 3, 83, 6, 77),
	(318, 94, 9, '2023', 3, 125, 2, 11),
	(319, 95, 4, '2023', 3, 117, 3, 24),
	(320, 95, 5, '2023', 3, 72, 7, 89),
	(321, 95, 7, '2023', 3, 107, 4, 40),
	(322, 95, 9, '2023', 3, 131, 1, 1),
	(323, 98, 4, '2023', 3, 118, 3, 23),
	(324, 98, 5, '2023', 3, 120, 3, 20),
	(325, 98, 7, '2023', 3, 120, 3, 20),
	(326, 98, 9, '2023', 3, 95, 5, 40),
	(327, 99, 4, '2023', 3, 140, 1, 1),
	(328, 99, 5, '2023', 3, 127, 2, 9),
	(329, 99, 7, '2023', 3, 87, 6, 70),
	(330, 99, 9, '2023', 3, 97, 4, 38),
	(331, 100, 4, '2023', 3, 101, 5, 33),
	(332, 100, 5, '2023', 3, 77, 7, 81),
	(333, 100, 7, '2023', 3, 93, 6, 64),
	(334, 100, 9, '2023', 3, 34, 7, 86),
	(335, 101, 4, '2023', 3, 65, 8, 94),
	(336, 101, 5, '2023', 3, 62, 9, 97),
	(337, 101, 7, '2023', 3, 97, 5, 57),
	(338, 101, 9, '2023', 3, 119, 3, 20),
	(339, 102, 4, '2023', 3, 96, 5, 58),
	(340, 102, 5, '2023', 3, 96, 5, 58),
	(341, 102, 7, '2023', 3, 105, 5, 42),
	(342, 102, 9, '2023', 3, 103, 5, 44),
	(343, 103, 4, '2023', 3, 63, 9, 97),
	(344, 103, 5, '2023', 3, 77, 7, 84),
	(345, 103, 7, '2023', 3, 89, 6, 67),
	(346, 103, 9, '2023', 3, 100, 5, 54),
	(347, 104, 4, '2023', 3, 126, 2, 10),
	(348, 104, 5, '2023', 3, 132, 1, 4),
	(349, 104, 7, '2023', 3, 120, 3, 18),
	(350, 104, 9, '2023', 3, 110, 4, 32),
	(351, 105, 4, '2023', 3, 114, 4, 30),
	(352, 105, 5, '2023', 3, 115, 4, 30),
	(353, 105, 7, '2023', 3, 101, 5, 50),
	(354, 105, 9, '2023', 3, 60, 9, 98),
	(355, 106, 4, '2023', 3, 126, 2, 10),
	(356, 106, 5, '2023', 3, 125, 2, 11),
	(357, 106, 7, '2023', 3, 130, 2, 5),
	(358, 106, 9, '2023', 3, 120, 3, 18),
	(359, 107, 4, '2023', 3, 140, 1, 1),
	(360, 107, 5, '2023', 3, 127, 2, 9),
	(361, 107, 7, '2023', 3, 97, 5, 55),
	(362, 107, 9, '2023', 3, 110, 4, 30),
	(363, 108, 4, '2023', 3, 106, 5, 41),
	(364, 108, 5, '2023', 3, 105, 5, 42),
	(365, 108, 7, '2023', 3, 88, 6, 70),
	(366, 108, 9, '2023', 3, 60, 9, 2),
	(367, 109, 4, '2023', 3, 106, 5, 41),
	(368, 109, 5, '2023', 3, 107, 4, 39),
	(369, 109, 7, '2023', 3, 75, 7, 15),
	(370, 109, 9, '2023', 3, 75, 7, 15),
	(371, 110, 4, '2023', 3, 80, 7, 20),
	(372, 110, 5, '2023', 3, 105, 5, 43),
	(373, 110, 7, '2023', 3, 140, 1, 1),
	(374, 110, 9, '2023', 3, 120, 3, 17),
	(375, 111, 4, '2023', 3, 72, 7, 89),
	(376, 111, 5, '2023', 3, 73, 7, 90),
	(377, 111, 7, '2023', 3, 65, 8, 94),
	(378, 111, 9, '2023', 3, 110, 4, 40),
	(380, 112, 4, '2023', 3, 101, 5, 44),
	(381, 112, 5, '2023', 3, 108, 4, 38),
	(382, 112, 7, '2023', 3, 103, 5, 41),
	(383, 112, 9, '2023', 3, 118, 3, 23),
	(384, 113, 4, '2023', 3, 126, 2, 10),
	(385, 113, 5, '2023', 3, 110, 3, 15),
	(386, 113, 7, '2023', 3, 137, 1, 2),
	(387, 113, 9, '2023', 3, 84, 6, 77),
	(388, 114, 4, '2023', 3, 140, 1, 1),
	(389, 114, 5, '2023', 3, 132, 1, 4),
	(390, 114, 7, '2023', 3, 134, 1, 3),
	(391, 114, 9, '2023', 3, 137, 1, 2),
	(392, 93, 5, '2022', 3, 112, 4, 36),
	(393, 93, 4, '2022', 3, 110, 4, 39),
	(394, 93, 7, '2022', 3, 118, 3, 22),
	(395, 93, 9, '2022', 3, 129, 1, 1),
	(396, 94, 4, '2022', 3, 95, 5, 60),
	(397, 94, 5, '2022', 3, 63, 8, 96),
	(398, 94, 7, '2022', 3, 83, 6, 77),
	(399, 94, 9, '2022', 3, 125, 2, 11),
	(400, 95, 4, '2022', 3, 117, 3, 24),
	(401, 95, 5, '2022', 3, 72, 7, 89),
	(402, 95, 7, '2022', 3, 107, 4, 40),
	(403, 95, 9, '2022', 3, 131, 1, 1),
	(404, 98, 4, '2022', 3, 118, 3, 23),
	(405, 98, 5, '2022', 3, 120, 3, 20),
	(406, 98, 7, '2022', 3, 120, 3, 20),
	(407, 98, 9, '2022', 3, 95, 5, 40),
	(408, 99, 4, '2022', 3, 140, 1, 1),
	(409, 99, 5, '2022', 3, 127, 2, 9),
	(410, 99, 7, '2022', 3, 87, 6, 70),
	(411, 99, 9, '2022', 3, 97, 4, 38),
	(412, 100, 4, '2022', 3, 101, 5, 33),
	(413, 100, 5, '2022', 3, 77, 7, 81),
	(414, 100, 7, '2022', 3, 93, 6, 64),
	(415, 100, 9, '2022', 3, 34, 7, 86),
	(416, 101, 4, '2022', 3, 65, 8, 94),
	(417, 101, 5, '2022', 3, 62, 9, 97),
	(418, 101, 7, '2022', 3, 97, 5, 57),
	(419, 101, 9, '2022', 3, 119, 3, 20),
	(420, 102, 4, '2022', 3, 96, 5, 58),
	(421, 102, 5, '2022', 3, 96, 5, 58),
	(422, 102, 7, '2022', 3, 105, 5, 42),
	(423, 102, 9, '2022', 3, 103, 5, 44),
	(424, 103, 4, '2022', 3, 63, 9, 97),
	(425, 103, 5, '2022', 3, 77, 7, 84),
	(426, 103, 7, '2022', 3, 89, 6, 67),
	(427, 103, 9, '2022', 3, 100, 5, 54),
	(428, 104, 4, '2022', 3, 126, 2, 10),
	(429, 104, 5, '2022', 3, 132, 1, 4),
	(430, 104, 7, '2022', 3, 120, 3, 18),
	(431, 104, 9, '2022', 3, 110, 4, 32),
	(432, 105, 4, '2022', 3, 114, 4, 30),
	(433, 105, 5, '2022', 3, 115, 4, 30),
	(434, 105, 7, '2022', 3, 101, 5, 50),
	(435, 105, 9, '2022', 3, 60, 9, 98),
	(436, 106, 4, '2022', 3, 126, 2, 10),
	(437, 106, 5, '2022', 3, 125, 2, 11),
	(438, 106, 7, '2022', 3, 130, 2, 5),
	(439, 106, 9, '2022', 3, 120, 3, 18),
	(440, 107, 4, '2022', 3, 140, 1, 1),
	(441, 107, 5, '2022', 3, 127, 2, 9),
	(442, 107, 7, '2022', 3, 97, 5, 55),
	(443, 107, 9, '2022', 3, 110, 4, 30),
	(444, 108, 4, '2022', 3, 106, 5, 41),
	(445, 108, 5, '2022', 3, 105, 5, 42),
	(446, 108, 7, '2022', 3, 88, 6, 70),
	(447, 108, 9, '2022', 3, 60, 9, 2),
	(448, 109, 4, '2022', 3, 106, 5, 41),
	(449, 109, 5, '2022', 3, 107, 4, 39),
	(450, 109, 7, '2022', 3, 75, 7, 15),
	(451, 109, 9, '2022', 3, 75, 7, 15),
	(452, 110, 4, '2022', 3, 80, 7, 20),
	(453, 110, 5, '2022', 3, 105, 5, 43),
	(454, 110, 7, '2022', 3, 140, 1, 1),
	(455, 110, 9, '2022', 3, 120, 3, 17),
	(456, 111, 4, '2022', 3, 72, 7, 89),
	(457, 111, 5, '2022', 3, 73, 7, 90),
	(458, 111, 7, '2022', 3, 65, 8, 94),
	(459, 111, 9, '2022', 3, 110, 4, 40),
	(460, 112, 4, '2022', 3, 101, 5, 44),
	(461, 112, 5, '2022', 3, 108, 4, 38),
	(462, 112, 7, '2022', 3, 103, 5, 41),
	(463, 112, 9, '2022', 3, 118, 3, 23),
	(464, 113, 4, '2022', 3, 126, 2, 10),
	(465, 113, 5, '2022', 3, 110, 3, 15),
	(466, 113, 7, '2022', 3, 137, 1, 2),
	(467, 113, 9, '2022', 3, 84, 6, 77),
	(468, 114, 4, '2022', 3, 140, 1, 1),
	(469, 114, 5, '2022', 3, 132, 1, 4),
	(470, 114, 7, '2022', 3, 134, 1, 3),
	(471, 114, 9, '2022', 3, 137, 1, 2),
	(472, 93, 4, '2022', 6, 100, 5, 55),
	(473, 93, 5, '2022', 6, 122, 2, 9),
	(474, 93, 7, '2022', 6, 118, 3, 22),
	(475, 93, 9, '2022', 6, 129, 3, 20),
	(476, 94, 4, '2022', 6, 85, 6, 69),
	(477, 94, 5, '2022', 6, 63, 8, 96),
	(478, 94, 7, '2022', 6, 83, 6, 77),
	(479, 94, 9, '2022', 6, 128, 1, 5),
	(480, 95, 4, '2022', 6, 117, 3, 24),
	(481, 95, 5, '2022', 6, 72, 7, 89),
	(482, 95, 7, '2022', 6, 107, 4, 40),
	(483, 95, 9, '2022', 6, 131, 1, 1),
	(484, 98, 4, '2022', 6, 118, 3, 23),
	(485, 98, 5, '2022', 6, 120, 3, 20),
	(486, 98, 7, '2022', 6, 120, 3, 20),
	(487, 98, 9, '2022', 6, 95, 5, 40),
	(488, 99, 4, '2022', 6, 120, 2, 9),
	(489, 99, 5, '2022', 6, 127, 2, 9),
	(490, 99, 7, '2022', 6, 87, 6, 70),
	(491, 99, 9, '2022', 6, 97, 4, 38),
	(492, 100, 4, '2022', 6, 101, 5, 33),
	(493, 100, 5, '2022', 6, 77, 7, 81),
	(494, 100, 7, '2022', 6, 93, 6, 64),
	(495, 100, 9, '2022', 6, 34, 7, 86),
	(496, 101, 4, '2022', 6, 65, 8, 94),
	(497, 101, 5, '2022', 6, 62, 9, 97),
	(498, 101, 7, '2022', 6, 97, 5, 57),
	(499, 101, 9, '2022', 6, 119, 3, 20),
	(500, 102, 4, '2022', 6, 96, 5, 58),
	(501, 102, 5, '2022', 6, 96, 5, 58),
	(502, 102, 7, '2022', 6, 95, 6, 62),
	(503, 102, 9, '2022', 6, 103, 5, 44),
	(504, 103, 4, '2022', 6, 63, 9, 97),
	(505, 103, 5, '2022', 6, 77, 7, 84),
	(506, 103, 7, '2022', 6, 89, 6, 67),
	(507, 103, 9, '2022', 6, 100, 5, 54),
	(508, 104, 4, '2022', 6, 126, 2, 10),
	(509, 104, 5, '2022', 6, 132, 1, 4),
	(510, 104, 7, '2022', 6, 120, 3, 18),
	(511, 104, 9, '2022', 6, 110, 4, 32),
	(512, 105, 4, '2022', 6, 114, 4, 30),
	(513, 105, 5, '2022', 6, 115, 4, 30),
	(514, 105, 7, '2022', 6, 101, 5, 50),
	(515, 105, 9, '2022', 6, 60, 9, 98),
	(516, 106, 4, '2022', 6, 126, 2, 10),
	(517, 106, 5, '2022', 6, 125, 2, 11),
	(518, 106, 7, '2022', 6, 130, 2, 5),
	(519, 106, 9, '2022', 6, 120, 3, 18),
	(520, 107, 4, '2022', 6, 140, 1, 1),
	(521, 107, 5, '2022', 6, 127, 2, 9),
	(522, 107, 7, '2022', 6, 97, 5, 55),
	(523, 107, 9, '2022', 6, 110, 4, 30),
	(524, 108, 4, '2022', 6, 106, 5, 41),
	(525, 108, 5, '2022', 6, 106, 5, 41),
	(526, 108, 7, '2022', 6, 88, 6, 70),
	(527, 108, 9, '2022', 6, 60, 9, 2),
	(528, 109, 4, '2022', 6, 106, 5, 41),
	(529, 109, 5, '2022', 6, 107, 4, 39),
	(530, 109, 7, '2022', 6, 75, 7, 15),
	(531, 109, 9, '2022', 6, 75, 7, 15),
	(532, 110, 4, '2022', 6, 80, 7, 20),
	(533, 110, 5, '2022', 6, 105, 5, 43),
	(534, 110, 7, '2022', 6, 140, 1, 1),
	(535, 110, 9, '2022', 6, 120, 3, 17),
	(536, 111, 4, '2022', 6, 72, 7, 89),
	(537, 111, 5, '2022', 6, 73, 7, 90),
	(538, 111, 7, '2022', 6, 65, 8, 94),
	(539, 111, 9, '2022', 6, 110, 4, 40),
	(540, 112, 4, '2022', 6, 101, 5, 44),
	(541, 112, 5, '2022', 6, 108, 4, 38),
	(542, 112, 7, '2022', 6, 103, 5, 41),
	(543, 112, 9, '2022', 6, 118, 3, 23),
	(544, 113, 4, '2022', 6, 126, 2, 10),
	(545, 113, 5, '2022', 6, 110, 3, 15),
	(546, 113, 7, '2022', 6, 137, 1, 2),
	(547, 113, 9, '2022', 6, 84, 6, 77),
	(548, 114, 4, '2022', 6, 140, 1, 1),
	(549, 114, 5, '2022', 6, 132, 1, 4),
	(550, 114, 7, '2022', 6, 134, 1, 3),
	(551, 114, 9, '2022', 6, 137, 1, 2),
	(552, 93, 5, '2022', 9, 112, 4, 96),
	(553, 93, 4, '2022', 9, 110, 4, 99),
	(554, 93, 7, '2022', 9, 118, 9, 22),
	(555, 93, 9, '2022', 9, 129, 1, 1),
	(556, 94, 4, '2022', 9, 95, 5, 60),
	(557, 94, 7, '2022', 9, 83, 6, 77),
	(558, 94, 9, '2022', 9, 125, 2, 11),
	(559, 95, 4, '2022', 9, 117, 9, 24),
	(560, 95, 5, '2022', 9, 72, 7, 89),
	(561, 95, 7, '2022', 9, 107, 4, 40),
	(562, 95, 9, '2022', 9, 131, 1, 1),
	(563, 98, 4, '2022', 9, 118, 9, 23),
	(564, 98, 5, '2022', 9, 120, 9, 20),
	(565, 98, 7, '2022', 9, 120, 9, 20),
	(566, 94, 5, '2022', 9, 63, 8, 96),
	(567, 98, 9, '2022', 9, 95, 5, 40),
	(568, 99, 4, '2022', 9, 140, 1, 1),
	(569, 99, 5, '2022', 9, 127, 2, 9),
	(570, 99, 7, '2022', 9, 87, 6, 70),
	(571, 99, 9, '2022', 9, 97, 4, 98),
	(572, 100, 4, '2022', 9, 101, 5, 93),
	(573, 100, 5, '2022', 9, 77, 7, 81),
	(574, 100, 7, '2022', 9, 93, 6, 64),
	(575, 100, 9, '2022', 9, 94, 7, 86),
	(576, 101, 4, '2022', 9, 65, 8, 94),
	(577, 101, 5, '2022', 9, 62, 9, 97),
	(578, 101, 7, '2022', 9, 97, 5, 57),
	(579, 101, 9, '2022', 9, 119, 9, 20),
	(580, 102, 4, '2022', 9, 96, 5, 58),
	(581, 93, 4, '2021', 3, 110, 4, 39),
	(582, 102, 5, '2022', 9, 96, 5, 58),
	(583, 93, 5, '2021', 3, 112, 4, 36),
	(584, 102, 7, '2022', 9, 105, 5, 42),
	(585, 102, 9, '2022', 9, 103, 5, 44),
	(586, 93, 7, '2021', 3, 118, 3, 22),
	(587, 103, 4, '2022', 9, 63, 9, 97),
	(588, 93, 9, '2021', 3, 129, 1, 1),
	(589, 103, 5, '2022', 9, 77, 7, 84),
	(590, 94, 4, '2021', 3, 95, 5, 60),
	(591, 103, 7, '2022', 9, 89, 6, 67),
	(592, 94, 5, '2021', 3, 63, 8, 96),
	(593, 103, 9, '2022', 9, 100, 5, 54),
	(594, 94, 7, '2021', 3, 83, 6, 77),
	(595, 103, 9, '2022', 9, 100, 5, 54),
	(596, 94, 9, '2021', 3, 125, 2, 11),
	(597, 95, 4, '2021', 3, 117, 3, 24),
	(598, 95, 5, '2021', 3, 72, 7, 89),
	(599, 95, 7, '2021', 3, 107, 4, 40),
	(600, 95, 9, '2021', 3, 131, 1, 1),
	(601, 98, 4, '2021', 3, 118, 3, 23),
	(602, 104, 4, '2022', 9, 126, 2, 10),
	(603, 98, 5, '2021', 3, 120, 3, 20),
	(604, 104, 5, '2022', 9, 132, 1, 4),
	(605, 98, 7, '2021', 3, 120, 3, 20),
	(606, 104, 7, '2022', 9, 120, 9, 18),
	(607, 98, 9, '2021', 3, 95, 5, 40),
	(608, 104, 9, '2022', 9, 110, 4, 92),
	(609, 99, 4, '2021', 3, 140, 1, 1),
	(610, 105, 4, '2022', 9, 114, 4, 90),
	(611, 99, 5, '2021', 3, 127, 2, 9),
	(612, 105, 5, '2022', 9, 115, 4, 90),
	(613, 99, 7, '2021', 3, 87, 6, 70),
	(614, 99, 9, '2021', 3, 97, 4, 38),
	(615, 105, 7, '2022', 9, 101, 5, 50),
	(616, 100, 4, '2021', 3, 101, 5, 33),
	(617, 105, 9, '2022', 9, 60, 9, 98),
	(618, 100, 5, '2021', 3, 77, 7, 81),
	(619, 106, 4, '2022', 9, 126, 2, 10),
	(620, 100, 7, '2021', 3, 93, 6, 64),
	(621, 100, 9, '2021', 3, 34, 7, 86),
	(622, 106, 5, '2022', 9, 125, 2, 11),
	(623, 101, 4, '2021', 3, 65, 8, 94),
	(624, 106, 7, '2022', 9, 130, 2, 5),
	(625, 101, 5, '2021', 3, 62, 9, 97),
	(626, 106, 9, '2022', 9, 120, 9, 18),
	(627, 101, 7, '2021', 3, 97, 5, 57),
	(628, 107, 4, '2022', 9, 140, 1, 1),
	(629, 101, 9, '2021', 3, 119, 3, 20),
	(630, 107, 5, '2022', 9, 127, 2, 9),
	(631, 102, 4, '2021', 3, 96, 5, 58),
	(632, 107, 7, '2022', 9, 97, 5, 55),
	(633, 102, 5, '2021', 3, 96, 5, 58),
	(634, 102, 7, '2021', 3, 105, 5, 42),
	(635, 107, 9, '2022', 9, 110, 4, 90),
	(636, 102, 9, '2021', 3, 103, 5, 44),
	(637, 108, 4, '2022', 9, 106, 5, 41),
	(638, 103, 4, '2021', 3, 63, 9, 97),
	(639, 108, 5, '2022', 9, 105, 5, 42),
	(640, 103, 5, '2021', 3, 77, 7, 84),
	(641, 108, 7, '2022', 9, 88, 6, 70),
	(642, 108, 9, '2022', 9, 60, 9, 2),
	(643, 103, 7, '2021', 3, 89, 6, 67),
	(644, 109, 4, '2022', 9, 106, 5, 41),
	(645, 103, 9, '2021', 3, 100, 5, 54),
	(646, 109, 5, '2022', 9, 107, 4, 99),
	(647, 104, 4, '2021', 3, 126, 2, 10),
	(648, 109, 7, '2022', 9, 75, 7, 15),
	(649, 104, 5, '2021', 3, 132, 1, 4),
	(650, 109, 9, '2022', 9, 75, 7, 15),
	(651, 104, 7, '2021', 3, 120, 3, 18),
	(652, 110, 4, '2022', 9, 80, 7, 20),
	(653, 104, 9, '2021', 3, 110, 4, 32),
	(654, 110, 5, '2022', 9, 105, 5, 43),
	(655, 105, 4, '2021', 3, 114, 4, 30),
	(656, 110, 7, '2022', 9, 140, 1, 1),
	(657, 105, 5, '2021', 3, 115, 4, 30),
	(658, 110, 9, '2022', 9, 120, 9, 17),
	(659, 105, 7, '2021', 3, 101, 5, 50),
	(660, 111, 4, '2022', 9, 72, 7, 89),
	(661, 105, 9, '2021', 3, 60, 9, 98),
	(662, 111, 5, '2022', 9, 73, 7, 90),
	(663, 106, 4, '2021', 3, 126, 2, 10),
	(664, 111, 7, '2022', 9, 65, 8, 94),
	(665, 106, 5, '2021', 3, 125, 2, 11),
	(666, 111, 9, '2022', 9, 110, 4, 40),
	(667, 106, 7, '2021', 3, 130, 2, 5),
	(668, 112, 4, '2022', 9, 101, 5, 44),
	(669, 106, 9, '2021', 3, 120, 3, 18),
	(670, 107, 4, '2021', 3, 140, 1, 1),
	(671, 112, 5, '2022', 9, 108, 4, 98),
	(672, 107, 5, '2021', 3, 127, 2, 9),
	(673, 112, 7, '2022', 9, 103, 5, 41),
	(674, 107, 7, '2021', 3, 97, 5, 55),
	(675, 112, 9, '2022', 9, 118, 9, 23),
	(676, 107, 9, '2021', 3, 110, 4, 30),
	(677, 113, 4, '2022', 9, 126, 2, 10),
	(678, 108, 4, '2021', 3, 106, 5, 41),
	(679, 113, 5, '2022', 9, 110, 9, 15),
	(680, 108, 5, '2021', 3, 105, 5, 42),
	(681, 113, 7, '2022', 9, 137, 1, 2),
	(682, 108, 7, '2021', 3, 88, 6, 70),
	(683, 113, 9, '2022', 9, 84, 6, 77),
	(684, 108, 9, '2021', 3, 60, 9, 2),
	(685, 114, 4, '2022', 9, 140, 1, 1),
	(686, 109, 4, '2021', 3, 106, 5, 41),
	(687, 114, 5, '2022', 9, 132, 1, 4),
	(688, 109, 5, '2021', 3, 107, 4, 39),
	(689, 114, 7, '2022', 9, 134, 1, 9),
	(690, 114, 9, '2022', 9, 137, 1, 2),
	(691, 109, 7, '2021', 3, 75, 7, 15),
	(692, 109, 9, '2021', 3, 75, 7, 15),
	(693, 93, 4, '2021', 6, 100, 5, 55),
	(694, 93, 5, '2021', 6, 122, 2, 9),
	(695, 93, 7, '2021', 6, 118, 3, 22),
	(696, 110, 4, '2021', 3, 80, 7, 20),
	(697, 93, 9, '2021', 6, 129, 3, 20),
	(698, 94, 4, '2021', 6, 85, 6, 69),
	(699, 110, 5, '2021', 3, 105, 5, 43),
	(700, 94, 5, '2021', 6, 63, 8, 96),
	(701, 110, 7, '2021', 3, 140, 1, 1),
	(702, 94, 7, '2021', 6, 83, 6, 77),
	(703, 110, 9, '2021', 3, 120, 3, 17),
	(704, 94, 9, '2021', 6, 128, 1, 5),
	(705, 111, 4, '2021', 3, 72, 7, 89),
	(706, 95, 4, '2021', 6, 117, 3, 24),
	(707, 111, 5, '2021', 3, 73, 7, 90),
	(708, 95, 5, '2021', 6, 72, 7, 89),
	(709, 111, 7, '2021', 3, 65, 8, 94),
	(710, 95, 7, '2021', 6, 107, 4, 40),
	(711, 95, 9, '2021', 6, 131, 1, 1),
	(712, 111, 9, '2021', 3, 110, 4, 40),
	(713, 98, 4, '2021', 6, 118, 3, 23),
	(714, 98, 5, '2021', 6, 120, 3, 20),
	(715, 112, 4, '2021', 3, 101, 5, 44),
	(716, 98, 7, '2021', 6, 120, 3, 20),
	(717, 112, 5, '2021', 3, 108, 4, 38),
	(718, 98, 9, '2021', 6, 95, 5, 40),
	(719, 112, 7, '2021', 3, 103, 5, 41),
	(720, 99, 4, '2021', 6, 120, 2, 9),
	(721, 112, 9, '2021', 3, 118, 3, 23),
	(722, 99, 5, '2021', 6, 127, 2, 9),
	(723, 113, 4, '2021', 3, 126, 2, 10),
	(724, 99, 7, '2021', 6, 87, 6, 70),
	(725, 99, 9, '2021', 6, 97, 4, 38),
	(726, 113, 5, '2021', 3, 110, 3, 15),
	(727, 100, 4, '2021', 6, 101, 5, 33),
	(728, 113, 7, '2021', 3, 137, 1, 2),
	(729, 113, 7, '2021', 3, 137, 1, 2),
	(730, 100, 5, '2021', 6, 77, 7, 81),
	(731, 100, 7, '2021', 6, 93, 6, 64),
	(732, 113, 9, '2021', 3, 84, 6, 77),
	(733, 100, 9, '2021', 6, 34, 7, 86),
	(734, 114, 4, '2021', 3, 140, 1, 1),
	(735, 101, 4, '2021', 6, 65, 8, 94),
	(736, 114, 5, '2021', 3, 132, 1, 4),
	(737, 101, 5, '2021', 6, 62, 9, 97),
	(738, 114, 7, '2021', 3, 134, 1, 3),
	(739, 101, 7, '2021', 6, 97, 5, 57),
	(740, 114, 9, '2021', 3, 137, 1, 2),
	(741, 101, 9, '2021', 6, 119, 3, 20),
	(742, 102, 4, '2021', 6, 96, 5, 58),
	(743, 102, 5, '2021', 6, 96, 5, 58),
	(744, 102, 7, '2021', 6, 95, 6, 62),
	(745, 102, 9, '2021', 6, 103, 5, 44),
	(746, 103, 4, '2021', 6, 63, 9, 97),
	(747, 103, 5, '2021', 6, 77, 7, 84),
	(748, 103, 7, '2021', 6, 89, 6, 67),
	(749, 103, 9, '2021', 6, 100, 5, 54),
	(750, 104, 4, '2021', 6, 126, 2, 10),
	(751, 104, 5, '2021', 6, 132, 1, 4),
	(752, 104, 7, '2021', 6, 120, 3, 18),
	(753, 104, 9, '2021', 6, 110, 4, 32),
	(754, 105, 4, '2021', 6, 114, 4, 30),
	(755, 105, 5, '2021', 6, 115, 4, 30),
	(756, 105, 7, '2021', 6, 101, 5, 50),
	(757, 105, 9, '2021', 6, 60, 9, 98),
	(758, 106, 4, '2021', 6, 126, 2, 10),
	(759, 106, 5, '2021', 6, 125, 2, 11),
	(760, 106, 7, '2021', 6, 130, 2, 5),
	(761, 106, 9, '2021', 6, 120, 3, 18),
	(762, 107, 4, '2021', 6, 140, 1, 1),
	(763, 107, 5, '2021', 6, 127, 2, 9),
	(764, 107, 7, '2021', 6, 97, 5, 55),
	(765, 107, 9, '2021', 6, 110, 4, 30),
	(766, 93, 4, '2021', 9, 100, 5, 55),
	(767, 108, 4, '2021', 6, 106, 5, 41),
	(768, 108, 5, '2021', 6, 106, 5, 41),
	(769, 93, 5, '2021', 9, 122, 2, 9),
	(770, 108, 7, '2021', 6, 88, 6, 70),
	(771, 93, 7, '2021', 9, 118, 3, 22),
	(772, 108, 9, '2021', 6, 60, 9, 2),
	(773, 93, 9, '2021', 9, 129, 3, 20),
	(774, 94, 4, '2021', 9, 85, 6, 69),
	(775, 94, 5, '2021', 9, 63, 8, 96),
	(776, 94, 7, '2021', 9, 83, 6, 77),
	(777, 94, 9, '2021', 9, 128, 1, 5),
	(778, 95, 4, '2021', 9, 117, 3, 24),
	(779, 95, 5, '2021', 9, 72, 7, 89),
	(780, 95, 7, '2021', 9, 107, 4, 40),
	(781, 95, 9, '2021', 9, 131, 1, 1),
	(782, 109, 4, '2021', 6, 106, 5, 41),
	(783, 109, 5, '2021', 6, 107, 4, 39),
	(784, 98, 4, '2021', 9, 118, 3, 23),
	(785, 109, 7, '2021', 6, 75, 7, 15),
	(786, 98, 5, '2021', 9, 120, 3, 20),
	(787, 109, 9, '2021', 6, 75, 7, 15),
	(788, 110, 4, '2021', 6, 80, 7, 20),
	(789, 98, 7, '2021', 9, 120, 3, 20),
	(790, 110, 5, '2021', 6, 105, 5, 43),
	(791, 98, 9, '2021', 9, 95, 5, 40),
	(792, 110, 7, '2021', 6, 140, 1, 1),
	(793, 99, 4, '2021', 9, 120, 2, 9),
	(794, 110, 9, '2021', 6, 120, 3, 17),
	(795, 99, 5, '2021', 9, 127, 2, 9),
	(796, 111, 4, '2021', 6, 72, 7, 89),
	(797, 99, 7, '2021', 9, 87, 6, 70),
	(798, 111, 5, '2021', 6, 73, 7, 90),
	(799, 99, 9, '2021', 9, 97, 4, 38),
	(800, 100, 4, '2021', 9, 101, 5, 33),
	(801, 111, 7, '2021', 6, 65, 8, 94),
	(802, 111, 9, '2021', 6, 110, 4, 40),
	(803, 100, 5, '2021', 9, 77, 7, 81),
	(804, 100, 7, '2021', 9, 93, 6, 64),
	(805, 112, 4, '2021', 6, 101, 5, 44),
	(806, 100, 9, '2021', 9, 34, 7, 86),
	(807, 101, 4, '2021', 9, 65, 8, 94),
	(808, 101, 5, '2021', 9, 62, 9, 97),
	(809, 101, 7, '2021', 9, 97, 5, 57),
	(810, 101, 9, '2021', 9, 119, 3, 20),
	(811, 102, 4, '2021', 9, 96, 5, 58),
	(812, 102, 5, '2021', 9, 96, 5, 58),
	(813, 112, 5, '2021', 6, 108, 4, 38),
	(814, 102, 7, '2021', 9, 95, 6, 62),
	(815, 112, 7, '2021', 6, 103, 5, 41),
	(816, 102, 9, '2021', 9, 103, 5, 44),
	(817, 112, 9, '2021', 6, 118, 3, 23),
	(818, 113, 4, '2021', 6, 126, 2, 10),
	(819, 113, 5, '2021', 6, 110, 3, 15),
	(820, 103, 4, '2021', 9, 63, 9, 97),
	(822, 103, 5, '2021', 9, 77, 7, 84),
	(823, 113, 7, '2021', 6, 137, 1, 2),
	(824, 103, 7, '2021', 9, 89, 6, 67),
	(825, 113, 9, '2021', 6, 84, 6, 77),
	(826, 103, 9, '2021', 9, 100, 5, 54),
	(827, 114, 4, '2021', 6, 140, 1, 1),
	(828, 104, 4, '2021', 9, 126, 2, 10),
	(829, 114, 5, '2021', 6, 132, 1, 4),
	(830, 104, 5, '2021', 9, 132, 1, 4),
	(831, 114, 7, '2021', 6, 134, 1, 3),
	(832, 114, 9, '2021', 6, 137, 1, 2),
	(833, 104, 7, '2021', 9, 120, 3, 18),
	(834, 104, 9, '2021', 9, 110, 4, 32),
	(835, 105, 4, '2021', 9, 114, 4, 30),
	(836, 105, 5, '2021', 9, 115, 4, 30),
	(837, 105, 7, '2021', 9, 101, 5, 50),
	(838, 105, 9, '2021', 9, 60, 9, 98),
	(839, 106, 4, '2021', 9, 126, 2, 10),
	(840, 106, 5, '2021', 9, 125, 2, 11),
	(841, 106, 7, '2021', 9, 130, 2, 5),
	(842, 106, 9, '2021', 9, 120, 3, 18),
	(843, 107, 4, '2021', 9, 140, 1, 1),
	(844, 107, 5, '2021', 9, 127, 2, 9),
	(845, 107, 7, '2021', 9, 97, 5, 55),
	(846, 107, 9, '2021', 9, 110, 4, 30),
	(847, 108, 4, '2021', 9, 106, 5, 41),
	(848, 108, 5, '2021', 9, 106, 5, 41),
	(849, 108, 7, '2021', 9, 88, 6, 70),
	(850, 108, 9, '2021', 9, 60, 9, 2),
	(851, 109, 4, '2021', 9, 106, 5, 41),
	(852, 109, 5, '2021', 9, 107, 4, 39),
	(853, 109, 7, '2021', 9, 75, 7, 15),
	(854, 109, 9, '2021', 9, 75, 7, 15),
	(855, 110, 4, '2021', 9, 80, 7, 20),
	(856, 110, 5, '2021', 9, 105, 5, 43),
	(857, 110, 7, '2021', 9, 140, 1, 1),
	(858, 110, 9, '2021', 9, 120, 3, 17),
	(859, 111, 4, '2021', 9, 72, 7, 89),
	(860, 111, 5, '2021', 9, 73, 7, 90),
	(861, 111, 7, '2021', 9, 65, 8, 94),
	(862, 111, 9, '2021', 9, 110, 4, 40),
	(863, 112, 4, '2021', 9, 101, 5, 44),
	(864, 112, 5, '2021', 9, 108, 4, 38),
	(865, 112, 7, '2021', 9, 103, 5, 41),
	(866, 112, 9, '2021', 9, 118, 3, 23),
	(867, 113, 4, '2021', 9, 126, 2, 10),
	(868, 113, 5, '2021', 9, 110, 3, 15),
	(869, 113, 7, '2021', 9, 137, 1, 2),
	(870, 113, 9, '2021', 9, 84, 6, 77),
	(871, 114, 4, '2021', 9, 140, 1, 1),
	(872, 114, 5, '2021', 9, 132, 1, 4),
	(873, 114, 7, '2021', 9, 134, 1, 3),
	(874, 114, 9, '2021', 9, 137, 1, 2),
	(883, 93, 9, '2023', 3, 100, 1, 99),
	(884, 93, 7, '2023', 3, 101, 1, 99),
	(885, 93, 4, '2023', 3, 89, 2, 91),
	(886, 93, 185, '2023', 3, 102, 1, 99),
	(887, 93, 5, '2023', 3, 82, 3, 84),
	(888, 93, 185, '2023', 6, 103, 1, 99),
	(889, 93, 9, '2023', 6, 100, 1, 98),
	(890, 93, 5, '2023', 6, 89, 2, 91),
	(891, 93, 4, '2023', 6, 101, 1, 99),
	(892, 93, 7, '2023', 6, 92, 2, 95),
	(893, 93, 5, '2023', 9, 99, 1, 99),
	(894, 93, 4, '2023', 9, 105, 1, 99),
	(895, 93, 9, '2023', 9, 93, 2, 94),
	(896, 93, 7, '2023', 9, 103, 1, 99),
	(897, 93, 185, '2023', 9, 101, 1, 99),
	(900, 112, 4, '2023', 6, 110, 1, 99);
/*!40000 ALTER TABLE `mock_result` ENABLE KEYS */;

-- 테이블 team_c.sbj_category 구조 내보내기
CREATE TABLE IF NOT EXISTS `sbj_category` (
  `category_id` bigint(20) NOT NULL AUTO_INCREMENT,
  `nm` varchar(10) NOT NULL,
  `type` tinyint(4) NOT NULL COMMENT '내신 1, 모의고사 2',
  PRIMARY KEY (`category_id`)
) ENGINE=InnoDB AUTO_INCREMENT=19 DEFAULT CHARSET=utf8mb4 COLLATE=utf8mb4_general_ci;

-- 테이블 데이터 team_c.sbj_category:~18 rows (대략적) 내보내기
/*!40000 ALTER TABLE `sbj_category` DISABLE KEYS */;
INSERT INTO `sbj_category` (`category_id`, `nm`, `type`) VALUES
	(1, '국어', 1),
	(2, '국어', 2),
	(3, '수학', 1),
	(4, '수학', 2),
	(5, '영어', 2),
	(6, '영어', 1),
	(7, '한국사', 1),
	(8, '한국사', 2),
	(9, '사회탐구영역', 1),
	(10, '탐구영역', 2),
	(11, '과학탐구영역', 1),
	(12, '직업탐구', 2),
	(13, '체육', 1),
	(14, '예술', 1),
	(15, '기술·가정/정보', 1),
	(16, '제 2외국어/한문', 1),
	(17, '교양', 1),
	(18, '제 2외국어/한문', 2);
/*!40000 ALTER TABLE `sbj_category` ENABLE KEYS */;

-- 테이블 team_c.school 구조 내보내기
CREATE TABLE IF NOT EXISTS `school` (
  `school_id` bigint(20) NOT NULL AUTO_INCREMENT,
  `nm` varchar(50) NOT NULL,
  `logo` varchar(100) NOT NULL,
  `school_cd` char(7) NOT NULL,
  PRIMARY KEY (`school_id`),
  UNIQUE KEY `nm` (`nm`)
) ENGINE=InnoDB AUTO_INCREMENT=5 DEFAULT CHARSET=utf8mb4 COLLATE=utf8mb4_general_ci;

-- 테이블 데이터 team_c.school:~4 rows (대략적) 내보내기
/*!40000 ALTER TABLE `school` DISABLE KEYS */;
INSERT INTO `school` (`school_id`, `nm`, `logo`, `school_cd`) VALUES
	(1, '함지고등학교', 'hamji.png', '7240273'),
	(2, '오성고등학교', 'osung.png', '7240099'),
	(3, '영진고등학교', 'youngjin.png', '7240098'),
	(4, '청구고등학교', 'cheonggu.png', '7240103');
/*!40000 ALTER TABLE `school` ENABLE KEYS */;

-- 테이블 team_c.subject 구조 내보내기
CREATE TABLE IF NOT EXISTS `subject` (
  `subject_id` bigint(20) NOT NULL AUTO_INCREMENT,
  `category_id` bigint(20) NOT NULL,
  `nm` varchar(20) NOT NULL,
  PRIMARY KEY (`subject_id`),
  KEY `FK_sbj_category_TO_subject_1` (`category_id`),
  CONSTRAINT `FK_sbj_category_TO_subject_1` FOREIGN KEY (`category_id`) REFERENCES `sbj_category` (`category_id`)
) ENGINE=InnoDB AUTO_INCREMENT=190 DEFAULT CHARSET=utf8mb4 COLLATE=utf8mb4_general_ci;

-- 테이블 데이터 team_c.subject:~187 rows (대략적) 내보내기
/*!40000 ALTER TABLE `subject` DISABLE KEYS */;
INSERT INTO `subject` (`subject_id`, `category_id`, `nm`) VALUES
	(1, 1, '화법과 언어'),
	(2, 1, '독서와 작문'),
	(3, 1, '문학'),
	(4, 2, '국어'),
	(5, 4, '수학'),
	(7, 5, '영어'),
	(8, 6, '기본영어1'),
	(9, 8, '한국사'),
	(10, 7, '한국사1'),
	(11, 9, '인문학과 윤리'),
	(12, 10, '생활과 윤리'),
	(13, 9, '윤리와 사상'),
	(14, 10, '윤리와 사상'),
	(15, 9, '한국지리 탐구'),
	(16, 10, '한국 지리'),
	(17, 9, '세계시민과 지리'),
	(18, 10, '세계 지리'),
	(19, 9, '동아시아 역사기행'),
	(20, 10, '동아시아사'),
	(21, 9, '세계사'),
	(22, 10, '세계사'),
	(23, 9, '경제'),
	(24, 10, '경제'),
	(25, 9, '정치'),
	(26, 10, '정치와법'),
	(27, 9, '사회와 문화'),
	(28, 10, '사회문화'),
	(29, 11, '물리학'),
	(30, 10, '물리학1'),
	(31, 11, '화학'),
	(32, 10, '화학1'),
	(33, 11, '생명과학'),
	(34, 10, '생명과학1'),
	(35, 11, '지구과학'),
	(36, 10, '지구과학1'),
	(37, 3, '기본수학1'),
	(39, 16, '독일어Ⅰ'),
	(40, 16, '프랑스어Ⅰ'),
	(41, 16, '스페인어Ⅰ'),
	(42, 16, '중국어Ⅰ'),
	(43, 16, '일본어Ⅰ'),
	(44, 16, '러시아어Ⅰ'),
	(45, 16, '아랍어Ⅰ'),
	(46, 16, '베트남어Ⅰ'),
	(47, 16, '한문Ⅰ'),
	(48, 12, '성공적인 직업생활'),
	(49, 12, '농업 기초 기술'),
	(50, 12, '공업 일반'),
	(51, 12, '상업 경제'),
	(52, 12, '수산·해운 산업기초'),
	(53, 12, '인간발달'),
	(54, 13, '체육1'),
	(55, 13, '체육2'),
	(56, 13, '운동과 건강'),
	(57, 13, '스포츠 문화'),
	(58, 13, '스포츠 과학'),
	(59, 13, '스포츠 생활1'),
	(60, 13, '스포츠 생활2'),
	(61, 14, '음악'),
	(62, 14, '미술'),
	(63, 14, '연극'),
	(64, 14, '음악 연주와 창작'),
	(65, 14, '음악 감상과 비평'),
	(66, 14, '미술 창작'),
	(67, 14, '미술 감상과 비평'),
	(68, 14, '음악과 미디어'),
	(69, 14, '미술과 매체'),
	(70, 15, '기술⋅가정'),
	(71, 15, '로봇과 공학세계'),
	(72, 15, '생활과학 탐구'),
	(73, 15, '창의공학설계'),
	(74, 15, '지식재산일반'),
	(75, 15, '생애 설계와 자립'),
	(76, 15, '아동 발달과 부모'),
	(77, 15, '정보'),
	(78, 15, '인공지능 기초'),
	(79, 15, '데이터과학'),
	(80, 15, '소프트웨어와 생활'),
	(81, 16, '독일어'),
	(82, 16, '프랑스어'),
	(83, 16, '스페인어'),
	(84, 16, '중국어'),
	(85, 16, '일본어'),
	(86, 16, '러시아어'),
	(87, 16, '아랍어'),
	(88, 16, '베트남어'),
	(89, 16, '독일어 회화'),
	(90, 16, '프랑스어 회화'),
	(91, 16, '스페인어 회화'),
	(92, 16, '중국어 회화'),
	(93, 16, '일본어 회화'),
	(94, 16, '러시아어 회화'),
	(95, 16, '아랍어 회화'),
	(96, 16, '베트남어 회화'),
	(97, 16, '심화 독일어'),
	(98, 16, '심화 프랑스어'),
	(99, 16, '심화 스페인어'),
	(100, 16, '심화 중국어'),
	(101, 16, '심화 일본어'),
	(102, 16, '심화 러시아어'),
	(103, 16, '심화 아랍어'),
	(104, 16, '심화 베트남어'),
	(105, 16, '한문'),
	(106, 16, '한문고전읽기'),
	(107, 17, '진로와 직업'),
	(108, 17, '생태와 환경'),
	(109, 17, '인간과 철학'),
	(110, 17, '논리와 사고'),
	(111, 17, '인간과 심리'),
	(112, 17, '교육의 이해'),
	(113, 17, '삶과 종교'),
	(114, 17, '보건'),
	(115, 17, '인간과 경제활동'),
	(116, 17, '논술'),
	(117, 1, '공통국어1'),
	(118, 1, '공통국어2'),
	(119, 1, '주제탐구독서'),
	(120, 1, '문학과 영상'),
	(121, 1, '직무 의사소통'),
	(122, 1, '독서 토론과 글쓰기'),
	(123, 1, '매체 의사소통'),
	(124, 1, '언어생활 탐구'),
	(125, 3, '기본수학2'),
	(126, 3, '공통수학1'),
	(127, 3, '공통수학2'),
	(128, 3, '대수'),
	(129, 3, '미적분Ⅰ'),
	(130, 3, '확률과 통계'),
	(131, 3, '기하'),
	(132, 3, '미적분Ⅱ'),
	(133, 3, '경제 수학'),
	(134, 3, '인공지능 수학'),
	(135, 3, '직무 수학'),
	(136, 3, '수학과 문화'),
	(137, 3, '실용 통계'),
	(138, 3, '수학과제 탐구'),
	(139, 6, '기본영어2'),
	(140, 6, '공통영어1'),
	(141, 6, '공통영어2'),
	(142, 6, '영어 독해와 작문'),
	(143, 6, '영어Ⅰ'),
	(144, 6, '영어Ⅱ'),
	(145, 6, '영미문학읽기'),
	(146, 6, '영어 발표와 토론'),
	(147, 6, '심화영어'),
	(148, 6, '심화 영어 독해와 작문'),
	(149, 6, '직무 영어'),
	(150, 6, '실생활 영어 회화'),
	(151, 6, '미디어 영어'),
	(152, 6, '세계문화와 영어'),
	(153, 7, '한국사2'),
	(154, 9, '통합사회1'),
	(155, 9, '통합사회2'),
	(156, 9, '현대사회와 윤리'),
	(157, 9, '도시의 미래 탐구'),
	(158, 9, '법과 사회'),
	(159, 9, '국제 관계의 이해'),
	(160, 9, '여행지리'),
	(161, 9, '역사로 탐구하는 현대 세계'),
	(162, 9, '사회문제 탐구'),
	(163, 9, '금융과 경제생활'),
	(164, 9, '윤리문제 탐구'),
	(165, 9, '기후변화와 지속 가능한 세계'),
	(166, 11, '통합과학1'),
	(167, 11, '통합과학2'),
	(168, 11, '과학탐구실험1'),
	(169, 11, '과학탐구실험2'),
	(170, 11, '역학과 에너지'),
	(171, 11, '물질과 에너지'),
	(172, 11, '세포와 물질대사'),
	(173, 11, '지구시스템과학'),
	(174, 11, '전자기와 양자'),
	(175, 11, '화학 반응의 세계'),
	(176, 11, '생물의 유전'),
	(177, 11, '행성우주과학'),
	(178, 11, '과학의 역사와 문화'),
	(179, 11, '기후변화와 환경생태'),
	(180, 11, '융합과학 탐구'),
	(181, 18, '독일어Ⅰ'),
	(182, 18, '프랑스어Ⅰ'),
	(183, 18, '스페인어Ⅰ'),
	(184, 18, '중국어Ⅰ'),
	(185, 18, '일본어Ⅰ'),
	(186, 18, '러시아어Ⅰ'),
	(187, 18, '아랍어Ⅰ'),
	(188, 18, '베트남어Ⅰ'),
	(189, 18, '한문Ⅰ');
/*!40000 ALTER TABLE `subject` ENABLE KEYS */;

-- 테이블 team_c.tc_sbj 구조 내보내기
CREATE TABLE IF NOT EXISTS `tc_sbj` (
  `user_id` bigint(20) NOT NULL,
  `subject_id` bigint(20) NOT NULL,
  KEY `FK_user_TO_tc_sbj_1` (`user_id`),
  KEY `FK_subject_TO_tc_sbj_1` (`subject_id`),
  CONSTRAINT `FK_subject_TO_tc_sbj_1` FOREIGN KEY (`subject_id`) REFERENCES `subject` (`subject_id`),
  CONSTRAINT `FK_user_TO_tc_sbj_1` FOREIGN KEY (`user_id`) REFERENCES `user` (`user_id`)
) ENGINE=InnoDB DEFAULT CHARSET=utf8mb4 COLLATE=utf8mb4_general_ci;

-- 테이블 데이터 team_c.tc_sbj:~2 rows (대략적) 내보내기
/*!40000 ALTER TABLE `tc_sbj` DISABLE KEYS */;
INSERT INTO `tc_sbj` (`user_id`, `subject_id`) VALUES
	(115, 37),
	(115, 10);
/*!40000 ALTER TABLE `tc_sbj` ENABLE KEYS */;

-- 테이블 team_c.user 구조 내보내기
CREATE TABLE IF NOT EXISTS `user` (
  `user_id` bigint(20) NOT NULL AUTO_INCREMENT,
  `class_id` bigint(20) NOT NULL,
  `email` varchar(50) NOT NULL,
  `pw` varchar(100) NOT NULL,
  `nm` varchar(20) NOT NULL,
  `pic` varchar(100) DEFAULT NULL,
  `birth` date NOT NULL,
  `phone` char(13) NOT NULL,
  `address` varchar(200) NOT NULL,
  `detail_addr` varchar(200) NOT NULL,
  `role` varchar(10) NOT NULL COMMENT '관리자(ROLE_ADMIN), 선생님(ROLE_TC), 학생(ROLE_STD)',
  `apr_pic` varchar(100) DEFAULT NULL,
  `apr_yn` tinyint(4) NOT NULL DEFAULT 0 COMMENT '승인대기(0),승인완료(1)',
  `del_yn` tinyint(4) NOT NULL DEFAULT 0 COMMENT '삭제처리(1)',
  `join_date` datetime NOT NULL DEFAULT current_timestamp(),
  PRIMARY KEY (`user_id`),
  UNIQUE KEY `email` (`email`),
  KEY `FK_class_TO_user_1` (`class_id`),
  CONSTRAINT `FK_class_TO_user_1` FOREIGN KEY (`class_id`) REFERENCES `van` (`class_id`)
) ENGINE=InnoDB AUTO_INCREMENT=147 DEFAULT CHARSET=utf8mb4 COLLATE=utf8mb4_general_ci;

-- 테이블 데이터 team_c.user:~102 rows (대략적) 내보내기
/*!40000 ALTER TABLE `user` DISABLE KEYS */;
INSERT INTO `user` (`user_id`, `class_id`, `email`, `pw`, `nm`, `pic`, `birth`, `phone`, `address`, `detail_addr`, `role`, `apr_pic`, `apr_yn`, `del_yn`, `join_date`) VALUES
	(1, 1, 'tncjs3598@naver.com', 'tncjs123', '성수천', '210ac267-698b-4097-97f8-4962a951da59.jpg', '1997-09-01', '01028087210', '대구광역시 중구 중앙대로 394', '제일빌딩 5F', 'ROLE_ADMIN', NULL, 1, 0, '2023-07-27 14:23:20'),
	(2, 2, 'naver@naver.com', 'q1w2e3r4', '나강림', '3d024f29-96ab-4251-ba14-f03f512085c6.jpg', '1997-12-11', '010-0000-0000', '대구광역시 중구 중앙대로 394', '제일빌딩 4F', 'ROLE_STD', NULL, 1, 0, '2023-07-27 16:58:12'),
	(3, 1, 'mail1234@naver.com', '4321', '이아메', NULL, '2001-03-21', '01055547754', '대구', '중앙대로 394 제일빌딩 5F', 'ROLE_STD', NULL, 1, 0, '2023-07-27 16:59:30'),
	(4, 1, 'ghghgh@naver.com', 'ghgh12', '호날두', NULL, '1993-11-24', '01077887788', '울산 남구 삼산중로100번길', '케이엠빌딩 1층', 'ROLE_STD', NULL, 1, 0, '2023-07-27 17:00:10'),
	(5, 1, 'haha@naver.com', 'haha', '김바람', NULL, '1999-07-04', '01023567812', '울산 남구 삼산중로100번길', '케이엠빌딩 3층', 'ROLE_STD', NULL, 1, 0, '2023-07-27 17:01:19'),
	(6, 3, 'teacher11@naver.com', '0001', '김담임', '123123', '1981-01-15', '010-0101-0101', '울산 남구 삼산중로100번길', '케이엠빌딩 4층', 'ROLE_TC', NULL, 1, 0, '2023-07-27 17:02:21'),
	(7, 2, 'std132@naver.com', '654', '정우등', NULL, '2002-02-01', '01032132222', '울산 남구 삼산중로 99번길', '', 'ROLE_STD', NULL, 1, 1, '2023-07-27 17:03:04'),
	(8, 2, 'tlfgja1@naver.com', '111', '박박박', NULL, '2002-05-05', '01023432123', '서울특별시 마포구 신촌로 104', '4층', 'ROLE_STD', NULL, 1, 0, '2023-07-27 17:03:45'),
	(9, 2, 'sadfasdf@naver.com', '999', '뭐지', NULL, '1981-01-15', '01056654554', '서울특별시 마포구 신촌로 104', '울산캠퍼스 2층', '0', NULL, 1, 0, '2023-07-27 17:24:35'),
	(11, 2, 'what@naver.com', '6546', '실험실', NULL, '1998-02-02', '010-9977-7799', '서울특별시 마포구 신촌로 104', '그린빌딩 3층', '0', NULL, 1, 0, '2023-07-27 17:26:06'),
	(12, 1, 'test@gmail.com', '{bcrypt}$2a$10$N0.CfhOAaDcaKwXJcyhRD.iTibRPnlQZxWBFvfyHBNDKHawzJ1q/u', 'string', NULL, '2023-07-28', '010-0000-0000', '대구', '대구', 'ROLE_TC', '5c41762b-4ea9-4277-a055-b209e51b47b0.png', 1, 0, '2023-07-28 18:22:14'),
	(15, 2, 'std1@gmail.com', '{bcrypt}$2a$10$RjDnE4mZB4tMJyyoiZkm8u3DlM.d3z7kVWCgBzpLYCHBpmQ7bYu7i', '김학생', 'b3b6d809-29f8-4293-9737-470759970c48.png', '2003-08-02', '010-2739-3928', '대구시 북구 신촌대로', '302호', 'ROLE_STD', NULL, 1, 0, '2023-08-02 10:20:18'),
	(16, 2, 'd4342@naver.com', '{bcrypt}$2a$10$WkjoV6gNrR/LzgxiT3IaLO1.t8Hr1iMpXilC5WnWM3rRdR.XAWXJi', '김이름', '5c015192-82ce-472c-9766-6e2916e58c76.jpg', '2023-08-02', '010-0000-0000', '대구광역시 서구 서대구로 3길', '59-15', 'ROLE_STD', NULL, 1, 0, '2023-08-02 16:55:23'),
	(19, 2, 'd43423@naver.com', '{bcrypt}$2a$10$BzJk983fQ/C8vHWfTo8fp.6XZJp4VNs6E84iA1NE8Wc7yYWdAbX4G', '김박스', 'b42e012b-6999-4c26-984f-4eb335fb6e36.jpg', '2023-06-03', '010-0000-0000', '대구광역시 서구', '254-10번지', 'ROLE_STD', NULL, 1, 0, '2023-08-02 16:55:48'),
	(20, 2, 'd4342323@naver.com', '{bcrypt}$2a$10$P2e5Cb9p0VxpR3G0wEdtZ.xg.6FiOBAsHfYDLQsQL4Q1Bt/GuBQuy', '김냥냥', '2af9e753-1a36-4082-b9c9-6e1e5f964e58.jpg', '2023-06-05', '010-0000-0000', '대구광역시 서구 남 1길', '스프링빌딩 302호', 'ROLE_STD', NULL, 1, 0, '2023-08-02 16:55:56'),
	(21, 2, 'd43422323@naver.com', '{bcrypt}$2a$10$WkGyfoZhS2RZ4bzO38DD4.4oBe9jrqiT.px324nD/Tg.atKQDoAW.', '이랄랄', '183d58b4-0ff1-4d91-b99d-d9abe78da4cf.png', '2000-06-05', '010-0500-0000', '대구광역시 중구 문우관길 15-5', '1층', 'ROLE_STD', NULL, 1, 0, '2023-08-02 16:57:04'),
	(22, 2, 'd43gd3@naver.com', '{bcrypt}$2a$10$iP2kWdErEMxrNDqJkDDtbe/fld2LlNl4WF/Dk7oYVDx9S8vCy8wmC', '박자바', '1a22ea57-2a54-4451-abd5-189c486a3db4.png', '2000-08-05', '010-0500-0000', '대구광역시 북구', '문우관길 15-5', 'ROLE_STD', NULL, 1, 0, '2023-08-02 16:57:24'),
	(23, 2, '52350@naver.com', '{bcrypt}$2a$10$MxEItifHiF5zPvd0IIyzeO6N9609FG6hqOkC7ByVZ4HKrjjOUFFlO', '성자바', 'c000ba74-2d87-4eb7-bb58-4b486300dd83.png', '2000-08-05', '010-0500-0420', '대구광역시 서구', '두류역 3번 출구', 'ROLE_STD', NULL, 1, 0, '2023-08-02 16:57:40'),
	(26, 2, '5242350@naver.com', '{bcrypt}$2a$10$vvfZevEDc6ZqM99xfXRjFevq.gcisU/dgO3f6QDstzqu09dVAsLh6', '나주배', 'a847d549-484c-469e-963d-9149adb18655.png', '2000-08-05', '010-0500-0424', '대구광역시 중구 명륜로 19', '1동 102호', 'ROLE_STD', NULL, 1, 0, '2023-08-02 16:58:14'),
	(31, 2, '52423450@naver.com', '{bcrypt}$2a$10$a2Drm9zd3Z8ZkMLOR/.QUuyO2dHeyqmO2QtgS9pwz5ouVOEue1IkC', '이랄롤', '6628986a-3d98-4d57-8e3a-cf2969aae852.png', '2000-08-04', '010-0500-4214', '대구광역시 중구 명륜로 19', '인터불고코아시스', 'ROLE_STD', NULL, 1, 0, '2023-08-02 17:04:06'),
	(32, 2, '450@naver.com', '{bcrypt}$2a$10$MruDlpormQwM5lyhEtyZe.sgtDqrwmIfizw7LQWEAxFxQFug7dBEu', '하랄랄', 'b80658f6-d0a5-4522-9327-a5d9fdd285ec.png', '2000-08-04', '010-0500-4214', '대구광역시 중구 명륜로 23길', '2층', 'ROLE_STD', NULL, 1, 0, '2023-08-02 17:04:11'),
	(33, 2, '4553523@naver.com', '{bcrypt}$2a$10$Rp7gVNvMxyTTwZjzlvuyOeRCL8F/o6wGc9SBXffDC.mAG2Ot9yiuW', '가나다', 'f1441e36-c296-4d6f-8612-7e343d0ca715.png', '2000-08-04', '010-0500-4214', '대구광역시 중구 재마루길 77', '남산롯데캐슬센트럴스카이 1동 203호', 'ROLE_STD', NULL, 1, 0, '2023-08-02 17:05:12'),
	(34, 2, '45535223@naver.com', '{bcrypt}$2a$10$RveGZR655YRZ9O0qu1zsS.HT1yDnR8KsEPOPRujOT2f3hCIp8cia6', '나다라', 'b56ffa77-945e-4a8a-ba9d-32cdafb989e8.png', '2000-08-04', '010-0500-4214', '대구광역시 중구 달구벌대로 2000', '이마트24', 'ROLE_STD', NULL, 1, 0, '2023-08-02 17:05:21'),
	(36, 2, '455421423@naver.com', '{bcrypt}$2a$10$P9urBTBqalyt/XIrNVKVi.QKs9xsBOYYPP7zwQOMbRxFMjV19WKpO', '다라마바사', '845ba481-4000-421a-aa91-5b7aad586e60.png', '2000-10-04', '010-0500-4214', '대구광역시 중구 남산로 82', '다이소 대구신남역점', 'ROLE_STD', NULL, 1, 0, '2023-08-02 17:05:42'),
	(37, 2, '4smk4923@naver.com', '{bcrypt}$2a$10$wuM5lnYCzn8w1VruPfaxaurMnSUvdS6aBPVccPpY5IpoTilFjCsS2', '박함지', '60716234-1752-4c1b-bd0f-d5ec29fff304.png', '2000-07-04', '010-0500-4214', '대구광역시 중구 재마루길 106', '1층', 'ROLE_STD', NULL, 1, 0, '2023-08-02 17:06:07'),
	(39, 24, 'test222@gmail.com', 'aaa', '최변경', 'ee6bdcde-b9f2-45ae-9f49-c990fb62b69e.jpg', '2023-08-03', '010-1111-0111', '대구광역시 중구 남산로 73 301동', '208호', 'ROLE_STD', NULL, 0, 0, '2023-08-03 17:41:09'),
	(40, 2, 'aa@gmail.com', '{bcrypt}$2a$10$zqtTGK9.VfYApHSZT0MfTOKSfLWnoJut6tkANz9D5KguZIh37MONi', 'string', NULL, '2006-06-06', '010-1234-1234', '서울 강남구 개포로31길 29-5 (개포동, 포레스트 강남)', '302동 1202호', 'ROLE_STD', NULL, 1, 0, '2023-08-03 19:01:55'),
	(41, 2, 'zz@gmail.com', '{bcrypt}$2a$10$5uEdjjB8BxeXloqXXAluqeBASFBuJvp7jJ8mJeOxY0/CMgSHVNYQu', '마선생', NULL, '1987-07-11', '01032132132', '대구', '대구대구', 'ROLE_TC', NULL, 1, 0, '2023-08-03 19:03:01'),
	(42, 24, 'string', '{bcrypt}$2a$10$s7xNQik/Pssj3V3.q2O06.IaKeer9YaPGnvXZaZz6EuCLgrx/tCOu', 'string', '22c69f60-ebf6-4cde-9219-ea182707c626.png', '2023-08-05', 'string', '대구광역시 남구 명덕로 36', '1층 황산벌본점', 'ROLE_TC', NULL, 1, 0, '2023-08-05 13:09:40'),
	(43, 24, 'aaa@gmail.com', '{bcrypt}$2a$10$AhbwN6/OkmY6ydzESpwfkeOIM6BegHYxc.IjFFbaNeMJ4/4BEQuyi', '테스트헷', '4cc2b3ac-9369-4988-943b-4c53dcb239e7.png', '2007-08-05', '123-1423-1234', '대구광역시 달서구 성당로 303', '2층 경북노회', 'ROLE_학생', NULL, 0, 0, '2023-08-05 15:53:01'),
	(44, 24, 'chpw@gamil.com', '{bcrypt}$2a$10$KXBmF468xSpisR1fWE2I1ubuWt1a.Y2DEeyffshexD5rVbmk0gNVq', '실험실험실', '27c165ef-6e28-4544-b411-9a3dbff828fa.png', '2007-07-01', '010-1177-7788', '경상북도 영천시 망정 1길 171', '한신더휴영천퍼스트 506호', 'ROLE_STD', '0adcefe4-2bb0-4cd1-a1a3-c2704843a084.png', 0, 1, '2023-08-07 15:01:00'),
	(48, 2, 'smaple@a.net', '{bcrypt}$2a$10$3HBsyUZgQ4r4OLu2IjtS5.PAloIVIkQ9TQKg6c458L7M.7MTJ471C', '테스트', '99fd1060-fea4-4b32-83d3-bb07b6761489.png', '2023-08-07', '010-1234-1234', '경상북도 영천시 시청로 16', '영천시청 2층 사회과', 'ROLE_STD', NULL, 1, 0, '2023-08-07 21:13:17'),
	(52, 45, 'hahaha@gmail.com', '{bcrypt}$2a$10$xqZJB2bl6QkMt9/luugX1eprmSbtrSNgeh3qh7iMJLnMGKdQQko4q', '컷컷컷', '0959627f-4f3b-4131-a499-78c83ad862f2.png', '2007-08-08', '010-6666-3333', '경상북도 경산시 압량읍 내리길 19길 19', '효성테크', 'ROLE_STD', 'a57568b0-a2ad-439f-9fe2-f050867c21af.png', 0, 0, '2023-08-08 17:28:38'),
	(53, 1, 'test1@gmail.com', '{bcrypt}$2a$10$IybVWUDL8HzLfYoac4fQv.WDxTMcW2ddIqHAy1igeIw7iGAtv/u2q', '이학생', '61dadf39-8f6e-4909-9042-acf21e21492d.png', '2003-08-08', '010-2893-3925', '대구시 북구', '중앙빌딩', 'ROLE_STD', NULL, 1, 0, '2023-08-08 20:00:31'),
	(54, 24, 'asdf@gmail.com', '{bcrypt}$2a$10$B6bpqYmV4KtBhRky1Fc7hOr6E7hfq2ewOf5eSwWj7sSPQcunUzSxW', '나네임', '3a09ffb1-c1db-418d-81bc-7984650c2ec2.jpg', '2003-08-08', '01088777777', '대구', 'string', 'ROLE_STD', 'b04cab08-58d3-4b01-92a2-abece144416f.png', 0, 0, '2023-08-08 20:37:53'),
	(55, 2, 'qq@qq.net', '{bcrypt}$2a$10$l9RW1MZfnNRxlGxSWVVu8.3R/MUsXO2y36bt2jseIgPCxR1xVbtrO', '123', 'ed76271b-53aa-447b-81a1-e396bf656f1a.png', '2023-08-08', '010-0100-1112', '너희집', '앞', 'ROLE_STD', NULL, 1, 0, '2023-08-08 21:23:49'),
	(56, 2, 'gkawlaos@gmail.com', '{bcrypt}$2a$10$yS7ZbgvUwT0ZYy8OlyHYzerqTTUsbfSYolQzC.4R1I73lhXkGbFgi', '함지학생', '8e485efb-e89b-4d23-a96c-58ad5bbae7ce.png', '2009-08-09', '01045678765', '대구', '대구', 'ROLE_STD', '7fd0fc28-94b7-4837-98aa-5e81642c7f00.png', 1, 0, '2023-08-09 14:26:01'),
	(57, 2, 'std2@gmail.com', '{bcrypt}$2a$10$GHUU6N8ZfyTCnE1JKD1KQ.ftj0Cco42LXJrxQqlSReLKC1xEC4snS', '오학생', NULL, '2023-08-09', '010101', '어드레수', '디테일하네요', 'ROLE_STD', NULL, 0, 0, '2023-08-09 14:26:23'),
	(58, 2, '123123@gmail.com', '{bcrypt}$2a$10$Aq6uV3jNw7//t0XFhMo1quQAWh2hr/J34ZpRxP9H8kQj9LUZe/h9S', '123', '7cb45a01-a736-46f2-a940-fe7af1623f78.png', '2023-08-09', '010-1234-1234', 'ㅇㅇㅇ', 'ㅇㅇㅇ', 'ROLE_STD', NULL, 0, 0, '2023-08-09 14:36:41'),
	(59, 2, 'rkdlq8568@naver.com', '{bcrypt}$2a$10$RmLgGHu4S8CZIU.lR.OjfO5C6oBVCUbGaXe2n6sWJFHHJjSHMssnO', '김수한무두루미와거북이', 'be290c85-fab3-41be-a1bd-cc69d51be9ba.png', '2007-09-07', '010-1111-2222', '서울 강남구 테헤란로 101 (역삼동, 이즈타워)', '너희 집 앞이야', 'ROLE_STD', NULL, 1, 0, '2023-08-09 14:51:26'),
	(60, 28, 'die123@naver.com', '{bcrypt}$2a$10$ha1JipYIdlxpQsfK7OOqr.15JbJ1klC9lyyzR/bo4ypzvr.ZBsgcW', '최깔깔', 'e79157af-ec82-41fa-aa9d-9021a5b1f421.jpg', '2003-08-19', '01078947895', '김해', '오션월드', 'ROLE_STD', '8512593a-0f63-4fba-a58c-fc32693f350e.png', 0, 0, '2023-08-09 18:28:20'),
	(62, 2, 'pjh_9641@naver.com', '{bcrypt}$2a$10$hzYNxcZji5jZUP9n9RUtT.3gFEtiKT5zvnmr8F.dMpTFM59dQaHHi', '박주희', 'd66274f8-ff4a-4af8-a09c-60545b9dc355.png', '1996-12-31', '010-8611-7699', '경북 경산시 중앙로 1 (사정동, 경산역)', '111', 'ROLE_STD', NULL, 1, 0, '2023-08-09 20:32:33'),
	(63, 24, '11@gmail.com', '{bcrypt}$2a$10$wps87n17FH8obPT3kABY1esqgWP0NTgWIR/sZQJ5bmcPOrPqN3vPK', 'string', '7f1c32ef-4308-4375-b844-4da86f0dc869.png', '2023-08-09', '0301040294', 'string', 'string', 'ROLE_STD', NULL, 0, 0, '2023-08-09 21:05:12'),
	(64, 2, 'asd@asd.com', '{bcrypt}$2a$10$Hke2jmLKgFiSFwb5DyMXe.O1StqKHK9ehGTCDKyJh0t6cd4GVfT0a', '김수한무', '5488340c-802e-4c47-99fd-ff72de1a68ac.png', '2900-09-07', '010-1234-1234', '서울 강남구 테헤란로 101 (역삼동, 이즈타워)', '123123', 'ROLE_STD', NULL, 1, 0, '2023-08-10 11:05:22'),
	(65, 3, 'string1', '{bcrypt}$2a$10$YUT/T9/ZxRxSJstCusMI9O0I1mxYVW0tQuvwXRWe5ve1HZ.SonQyO', 'string', 'aeddd3c9-37e6-44fa-bbf6-e6f3bd370b2d.png', '2023-08-10', 'string', 'string', 'string', 'ROLE_STD', NULL, 0, 0, '2023-08-10 18:25:01'),
	(66, 2, 'q@q.com', '{bcrypt}$2a$10$lLVfQMd5eiKotgFPTeB5S.w1ikM/H2P6uIn6r6RQD5ykZeE6jU8PS', '두루미와거북이동방삵', 'a55b8df5-0afc-4fd5-bfcc-7dfcf1c3d61c.png', '3212-12-09', '010-2315-2311', '경기 성남시 분당구 대왕판교로 477 (판교동, 낙생고등학교)', '12341234', 'ROLE_STD', NULL, 1, 0, '2023-08-11 09:33:59'),
	(67, 8, 'ememem@gmail.com', '{bcrypt}$2a$10$ZHg6EClvijYex9/oUDDJqut9Wr6SS2YrmRHOVyBmOGGaIknqX.VIy', '윤공부', '14f94bec-a025-4a4d-945e-47c82624753d.png', '1997-08-11', '010-7845-1245', '제주도', '산', 'ROLE_TC', '0bd8aba4-cd9c-43dd-82cf-7e7a2f9390c7.jpg', 1, 0, '2023-08-11 09:58:40'),
	(68, 8, 'std3@gmail.com', '{bcrypt}$2a$10$FXNKxSZQDBnUhLIo1mAS3ewdCGQ/L/h5AXuWEAWPfVXrujrrWUf.2', '남학생', 'd7766ba9-f6b3-4cae-89cd-ef0c23b9c9b4.png', '2023-07-11', 'string', 'string', 'string', 'ROLE_STD', NULL, 1, 0, '2023-08-11 10:05:51'),
	(69, 24, 'bb@gmail.com', '{bcrypt}$2a$10$23af3CKooHKGbyMnrsZPhusD21BPJ4MJO6.6/gY1X6U2swI92Wp/6', '김비비', '90c0a16e-6733-4245-8d7f-c40589d78a3e.jpg', '2023-08-11', '01049284823', '대구광역시 북구 산격동 108-8번지', '까르띠움 205호', 'ROLE_TC', 'c87c5aca-c6fc-43cc-8d81-3dd4e896ae49.jpg', 1, 0, '2023-08-11 10:56:15'),
	(70, 26, 'cc@gmail.com', '{bcrypt}$2a$10$BUY4mPges9O7heVT.I1GaeFiWKx/C5mPz/MbNeZEcfd.Obtz6q8jC', '박씨씨', 'c92da85a-b457-4be3-9c5f-e71f8a7ccb95.png', '2023-08-11', '01012345678', '서울 강남구 테헤란로 110 (역삼동, 켐브리지 강남빌딩)', '캼브릿지', 'ROLE_TC', '77fcf285-a89a-47e3-b82c-16f9cd3c2595.jpg', 1, 0, '2023-08-11 11:00:41'),
	(71, 8, '123456@gmail.com', '{bcrypt}$2a$10$Iib.QksFVrp2Bh3/jIAmNuss1zk0pJ.Dai7U0xgxz2zSo/1KUlcXy', '123', '1d1eb982-e304-484f-a3e6-4e14ea10eb72.jpg', '2003-08-11', '01075758787', '대구', '서구', 'ROLE_STD', '3d73faf8-0ede-4dae-a8db-1a8b985a48a3.png', 1, 0, '2023-08-11 11:14:10'),
	(72, 2, '주님@gmail.com', '{bcrypt}$2a$10$SnzYL2e30DRg7LuJLCzD..q3xYNvBgWPhmf79vDXL7Wy1y7.rg7K6', '주느님', '885a7b00-4174-42d9-b8b9-ca130124e7c1.png', '5420-01-01', '070-1234-7890', '경기 성남시 분당구 대왕판교로 477 (판교동, 낙생고등학교)', '켈브리지 102동 706호', 'ROLE_STD', NULL, 1, 1, '2023-08-11 15:50:37'),
	(73, 33, '한글됨@gmail.com', '{bcrypt}$2a$10$u3rKp.fSrtHiXizm/I9ggOz5NkEnuJxBMXY0ksWFtO5gpENFHGAqC', '김한글', '323739a7-842a-4b54-9999-bb4fd400bb9f.png', '2003-09-12', '0104454544', '아드레스', '스트레스', 'ROLE_TC', 'e29cb6d3-c69c-4bec-8c3f-c2a1e627fc0b.png', 1, 0, '2023-08-11 17:22:01'),
	(74, 1, 'dd@gmail.com', '{bcrypt}$2a$10$/CToAUaQ5CIwkU33OEd5V.ML5zAILkzr.5/zyr.kxmiVImaK89Riy', '노디디', '2558a948-64cf-4531-b592-a327a08ebcc5.png', '2023-08-11', '01049288413', '대구광역시 동구 강변북로 13-2', '오로라빌 103호', 'ROLE_TC', 'd3077ec1-f2eb-421f-b6d0-1de36efe0839.png', 1, 0, '2023-08-11 20:00:07'),
	(75, 2, 'asd@gmail.com', '{bcrypt}$2a$10$qDjxaY/EX17Wo36LLu6XC.zTs25624.PKP5LutT4AP3PIsXMYlu6q', '오바람', 'e521dbd3-d2ee-4cbd-9622-4830b8d92ab2.png', '2001-11-09', '010-2355-9977', '경기 성남시 분당구 대왕판교로 372 (백현동)', '123123', 'ROLE_STD', NULL, 1, 1, '2023-08-12 11:00:09'),
	(77, 2, 'zxc@gmail.com', '{bcrypt}$2a$10$jWytEE2h8SQEKG5nhMRViuHcryflNtAZtJo.tbxSMsNl97vL3VHti', '투명인간최장수', '7efce464-5fb6-41a2-a8c9-d6ec25edb4a1.png', '2023-08-12', '010-1234-5678', '대구 중구 중앙대로 지하 424 (남일동, 중앙로역)', '노숙자', 'ROLE_STD', NULL, 0, 1, '2023-08-12 11:21:45'),
	(78, 2, 'qwe@gmail.com', '{bcrypt}$2a$10$9GUqjfN2QBrSou0k9qdUCu46KqGnvOX/rEe5t3TVFE6kF648JvWb6', '박정현이부릅니다꿈에', '7529a654-02e9-45b2-88d9-e91e11f2f070.png', '2023-08-12', '010-1234-5678', '대구 달성군 현풍읍 논공로 6 (성하리)', 'ㅎㅇ', 'ROLE_STD', NULL, 1, 0, '2023-08-12 11:28:39'),
	(79, 33, 'qwer3@gmail.com', '{bcrypt}$2a$10$4xQm6cINGnF..00XiVIDk.p4l2wWMTj/mf09C1oHEwAoC46joI5Nu', '도은현', '6fd3d458-9636-4331-970f-b9f2eca65c5c.png', '1999-05-29', '01015155151', '대구', '경상도민', 'ROLE_STD', '5de27625-6f73-4dca-ae9e-33ff7f08047a.jpg', 0, 0, '2023-08-12 13:53:51'),
	(81, 33, 'asas@gmail.com', '{bcrypt}$2a$10$Cc45xgHEqu9V.qCd3Ghdp.s9eRyuuNlPoTSJA8oM4vPAVmCAPi.uS', '김제육', '720c2dbe-59f7-472a-a736-c0ae898144e1.png', '1999-10-11', '01018787871', '대구', '경상도민', 'ROLE_STD', 'f21414d3-946d-4d93-9b3f-2d450cbdb5f3.jpg', 0, 0, '2023-08-12 14:00:17'),
	(82, 33, 'pic1@gmail.com', '{bcrypt}$2a$10$rHrjIXTquIo4C5kYoHcsJusDp2p4hCsvQiSQ8bICCNexgm0N.YOn6', '양나이키', '434fd914-8caf-4c11-afda-51e3ab82f239.png', '1999-10-11', '01018787871', '대구', '경상도민', 'ROLE_STD', '58008dc7-4450-432e-ab65-de7c197accbe.jpg', 1, 0, '2023-08-12 14:01:17'),
	(86, 33, 'pic2@gmail.com', '{bcrypt}$2a$10$djXqYGgpOwjmMC6c8PxmZ.wqiurxDhLQLl/xSBCL8GLv/tljH7gpq', '박맥도날드', 'd64b4d33-e155-4d83-b5d2-596f327d63e7.png', '1999-12-18', '010-2315-1236', 'string', 'string', 'ROLE_STD', 'f88f5019-7284-4970-af70-bd3090a8f4ef.jpg', 1, 0, '2023-08-12 14:09:09'),
	(87, 32, 'error@gmail.com', '{bcrypt}$2a$10$LfwmQcFvWMu7Z8FGL8LasOlUbN6RVPoCuHbg9t6maR6.k4pzi06nu', '김가방', '8ceee3a9-89aa-4602-a4b3-db1371647f1f.jpg', '2003-10-21', '01084848686', '부산', '남포동', 'ROLE_STD', 'b9457b77-9421-45cd-8598-d9c187842b2c.png', 1, 0, '2023-08-12 14:33:41'),
	(88, 32, 'alal@gmail.com', '{bcrypt}$2a$10$xOgNZbz0vHuZkwZzXkWaAesxddsoEy0Ni2g7IH0iuvnhoAwic3qi.', '김김박', 'f112b429-eba8-4829-8773-4fcfaec38a05.png', '2006-09-01', '01055221100', '독도', '독도', 'ROLE_STD', '3d3cb2c9-922f-4b44-afe0-4111fc6f81d6.png', 1, 0, '2023-08-12 14:36:54'),
	(89, 33, 'pictest1@gmail.com', '{bcrypt}$2a$10$leWhOZ6h6KSb8Sw/aX1UDen547tuimlQQ3gLFHCjb3X22.HRk7HDi', '양가', 'efae1452-271e-408b-8426-d4db38309251.png', '1999-02-18', '12345', '어드레스', '디테일하네요', 'ROLE_STD', '81272e2a-e4fa-490c-9f0c-d7c599b008d3.png', 1, 0, '2023-08-12 14:38:01'),
	(90, 38, 'plzp@gmail.com', '{bcrypt}$2a$10$PUQCH5sdZGlhFQprDfFHAuJTdxMxjCzkYNUwiHy7w/mkZCHAUKEcy', '제발요', 'b529f887-3ac0-44bc-9608-175795b2dfa0.png', '1999-09-12', '123214324', 'ad레스', 'str1231ing', 'ROLE_STD', '878dd025-db41-4675-bd1d-39b24c08a867.png', 1, 0, '2023-08-12 15:32:54'),
	(93, 39, 'class1@naver.com', '{bcrypt}$2a$10$/N3dyIzDfhY4Hg.ehZyfTeSKbZPTapY/B/QQoIC0UUniooFjrggaO', '김수현', 'db6224c1-7447-47cf-9396-0d9f7ddd9b31.jpg', '2005-01-08', '010-2589-3691', '대구 수성구 가창로221길 36 (파동, 드림팰리스)', '101동 304호', 'ROLE_STD', NULL, 1, 0, '2023-08-14 09:49:12'),
	(94, 39, 'class2@naver.com', '{bcrypt}$2a$10$vuIXP8EsbCyKPwhx8rw6SumEs.KYPO0wUW4z/5uPTFQOI2eSNGwJC', '김수민', 'eba4b3fa-e8ed-4ae6-8d4c-90f1487decd2.png', '2005-01-18', '010-1331-4004', '대구광역시 중구 남산동 2937-1', '남산 그린아파트 103동 1002호', 'ROLE_STD', NULL, 1, 0, '2023-08-14 09:49:15'),
	(95, 39, 'class3@naver.com', '{bcrypt}$2a$10$nweeWLrkOieEBZPE/QiywOfFmWonmB3X.PHHOtua36FtrU2YmjKZe', '김수진', '13eb2f4a-c07f-46c4-996d-983774ffdeef.jpg', '2005-03-24', '010-4514-1064', '대구광역시 중구 중앙대로 394', '오베이스타운', 'ROLE_STD', NULL, 1, 0, '2023-08-14 09:50:14'),
	(98, 39, 'class25@naver.com', '{bcrypt}$2a$10$5gHb9EaDs8j5I4hEI4pCn.mzwq6YXJTqDYv2oqgiTCSZ8ZOGi5W3i', '김서연', 'addebc0f-7a8a-4e72-b36e-1b4df880a8ba.jpg', '2005-05-28', '010-4553-1064', '대구광역시 중구 남산동 103-4', '중리롯데캐슬 1053', 'ROLE_STD', NULL, 0, 0, '2023-08-14 09:51:15'),
	(99, 39, 'class4@naver.com', '{bcrypt}$2a$10$2dVB2sQwzcaWps9/rtTdfeX4qHqp9w340T87RC2YrBtqcyR1yLp0u', '김수영', '72a98e83-d8e6-4558-a018-6d87a340b0c0.jpg', '2005-02-23', '010-1711-0602', '대구광역시 북구 신촌대로', '김광석거리', 'ROLE_STD', NULL, 1, 0, '2023-08-14 09:51:47'),
	(100, 39, 'class5@naver.com', '{bcrypt}$2a$10$RFBrdY12o30JPihSNkat/.oEUXfA18kTwO99/Hx..j5gjil5KDyjm', '박우진', 'acfd1ec9-73c1-4497-954b-c53ea336daaa.jpg', '2005-07-12', '010-1277-1064', '대구광역시 서구 서대구로 3길', '둥지빌 2차', 'ROLE_STD', NULL, 1, 0, '2023-08-14 09:52:19'),
	(101, 39, 'class6@naver.com', '{bcrypt}$2a$10$.5IygYEYBQJ1bZYN3rbSreGMQYuzZ0ZZ4Dsd7X2WMPkKF8j7IxlGy', '박성열', '30d9fa9f-ef6d-4306-afd8-d74f4392c00a.jpg', '2005-12-10', '010-1444-1361', '대구광역시 서구 남 1길', '삼정빌딩', 'ROLE_STD', NULL, 1, 0, '2023-08-14 09:53:44'),
	(102, 39, 'class7@naver.com', '{bcrypt}$2a$10$6iSRBTHWdvX6ixfA06zzie3x7Ijhg38d2wuraoBLfiSrjR1XrTjZq', '박무성', '6cf2f7b9-2c40-406d-a94a-37bd65a08680.png', '2005-10-01', '010-2849-2930', '대구광역시 중구 문우관길 15-1', '남산교회', 'ROLE_STD', NULL, 1, 0, '2023-08-14 09:54:11'),
	(103, 39, 'class8@naver.com', '{bcrypt}$2a$10$BCHWQ3Sg56WCMAdKHJ9Yc.Nc2m1WNdNXbaiW9Zwvu606ccQjAZyJW', '박하연', 'aa477197-68ca-4c77-a7d0-d088f4e020e3.jpg', '2005-03-24', '010-2653-1132', '대구광역시 중구 명륜로 19', '인터불고코아시스', 'ROLE_STD', NULL, 1, 0, '2023-08-14 09:54:38'),
	(104, 39, 'class9@naver.com', '{bcrypt}$2a$10$81Q0DgxsnVYBG8U3BANhnekcru6MOd1b3DVtqD1EX6Tts8kswLRPG', '조수연', '6b25a92c-3df6-4d73-9226-ab883eb9493e.jpg', '2005-01-29', '010-1774-1145', '대구광역시 중구 명륜로 23길', '버미커피', 'ROLE_STD', NULL, 1, 0, '2023-08-14 09:55:09'),
	(105, 39, 'class10@naver.com', '{bcrypt}$2a$10$l/agL8VaSyqFC6VK3DJSwOw3RJ7oI95xjo9hkju0QfUtZYodsDfpm', '조성철', '452f1ad9-256e-49de-b2a4-05d26e92315a.jpg', '2005-04-22', '010-7733-4425', '대구광역시 중구 달구벌대로 2000', '반디의꿈', 'ROLE_STD', NULL, 1, 0, '2023-08-14 09:55:37'),
	(106, 39, 'class11@naver.com', '{bcrypt}$2a$10$7a0SM8/l12uv/KH2U.DDZ./mrcMYCejxKAVklpzfHWzPi0yN0IAKm', '조한결', '0ea6fb48-9d7f-4d5f-a3e8-d64f8053dbe0.jpg', '2005-07-12', '010-7456-4425', '대구광역시 중구 달구벌대로 서대구로 20-1', '롯데캐슬 102동 805호', 'ROLE_STD', NULL, 1, 0, '2023-08-14 09:56:06'),
	(107, 39, 'class12@naver.com', '{bcrypt}$2a$10$6crx14ht835J2FOdBjus.OAGZgRDfzJOPqTE2z2Y.1I9FfnRlfN1q', '정하늘', '2d78804b-b1aa-4f8f-85cf-30467cc792dd.jpg', '2005-05-04', '010-7095-4545', '대구광역시 중구 남산로 82', '', 'ROLE_STD', NULL, 1, 0, '2023-08-14 09:56:53'),
	(108, 39, 'class13@naver.com', '{bcrypt}$2a$10$sXQzrv7AWVF9d8gnzd9iAuNarS55VxXGthgxri9hbrtpFWDc5i.Ze', '성수민', '9baf7f5c-c7ce-4323-ba1f-1e462a4f65e4.jpg', '2005-09-02', '010-1833-7780', '대구광역시 중구 재마루길 106', '감자와친구들', 'ROLE_STD', NULL, 1, 0, '2023-08-14 09:57:14'),
	(109, 39, 'class14@naver.com', '{bcrypt}$2a$10$lVgX.K2AKhI9RDfCknZ7sO03kx4ebtt6P7S.wkJr/O2EGu1EDOZWq', '성소민', '5ac267ba-12c5-4693-ad63-69b755e49e2f.jpg', '2005-07-01', '010-1133-7210', '대구광역시 중구 남산로 73', '301동', 'ROLE_STD', NULL, 1, 0, '2023-08-14 09:57:20'),
	(110, 39, 'class15@naver.com', '{bcrypt}$2a$10$pmC8V8Y8bz1L6ablJjlFjedmY./QULxqhSdNRfE.X9o2ZZ79munKC', '박호열', 'b3dcc309-cc93-4467-a900-6a0a163bcde9.jpg', '2005-01-08', '010-5777-7210', '부산광역시 남포동', '금성아파트 101동 101호', 'ROLE_STD', NULL, 1, 0, '2023-08-14 09:57:23'),
	(111, 39, 'class16@naver.com', '{bcrypt}$2a$10$Es9yGvJxfT5zE.Bac3guc.nlXcl1HPkCaMuI2O50yo1s/TTjoCY.G', '최민재', '5c582c62-8c55-4f9b-9524-a84ac8d3a094.jpg', '2005-12-01', '010-5499-1210', '구미 산책길19', '금오현대 아이파크 102동 402호', 'ROLE_STD', NULL, 1, 0, '2023-08-14 09:57:25'),
	(112, 39, 'class17@naver.com', '{bcrypt}$2a$10$B83eEpPYYCMdimNi9D4AeO2vrYoUSuaKaJU2RX74xesOfEnEnWhWG', '김민재', '7acaf44d-d64c-45a9-bd47-60b7e65c815c.jpg', '2005-11-23', '010-4692-1394', '구미 산책길19', '금오현대 아이파크 103동 301호', 'ROLE_STD', NULL, 1, 0, '2023-08-14 09:57:27'),
	(113, 39, 'class18@naver.com', '{bcrypt}$2a$10$GKSOQHSBm8r6VEo2WcJd3OI9PQC9qgGpRT1rkxOfAaUfD3CnwS2Qi', '이진호', '1b950626-8746-42fe-9997-599ad8d4edc7.jpg', '2005-06-19', '010-4551-8065', '대구광역시 달성군 현풍읍 논공로 6', '성하리 162', 'ROLE_STD', NULL, 1, 0, '2023-08-14 09:57:29'),
	(114, 39, 'class19@naver.com', '{bcrypt}$2a$10$Lx/KtPEKyHIHzjSc.jUifOTQdDrjjXrtDu/MXm9GAmxysk67Chpf6', '이영호', '05e26b21-2d15-4df3-8a23-c315fbba660f.jpg', '2005-01-19', '010-9172-4044', '대구광역시 동구 강변북로 13-2', '오로라빌 103호', 'ROLE_STD', NULL, 1, 0, '2023-08-14 09:57:31'),
	(115, 39, 'class32@naver.com', '{bcrypt}$2a$10$/N3dyIzDfhY4Hg.ehZyfTeSKbZPTapY/B/QQoIC0UUniooFjrggaO', '김성오', '5db98731-ed72-46f3-a9e6-8867b07b661c.jpg', '1993-01-19', '010-8611-7699', '대구광역시 수성구 가창로221길 36 (파동, 드림팰리스)', '드림팰리스 1402호', 'ROLE_TC', NULL, 1, 0, '2023-08-14 10:33:01'),
	(116, 2, 'asdfw@dndn.com', '{bcrypt}$2a$10$MmGhs9wf6NcLJ4u37SPFlu3CO.NGxc3/fj/El6o0dIOQJA97UvBKm', '김수한', 'bdb932ac-83ca-48b9-ad78-347a77d92932.png', '2007-09-07', '010-1515-3225', '', '우리집이어딘지모르겠어', 'ROLE_STD', NULL, 1, 0, '2023-08-14 18:11:04'),
	(117, 2, 'asdf@gas.com', '{bcrypt}$2a$10$6x//cIBrlkKhU.weS32EyO2ffaetr3LBOSvxyp2jP5.GmCz65ZdGu', '김두루미', '1cd65870-d653-47ad-bcb7-618161208499.png', '2007-09-07', '010-3355-9988', '', '난모르겠소', 'ROLE_TC', NULL, 1, 0, '2023-08-14 18:12:09'),
	(118, 2, 'testtestest@aa.net', '{bcrypt}$2a$10$PVekKqsL7bN2F.SUFugcKOYWW8QqgY6q6gHqOt6KoD7s3u29XCxgG', '1111', 'c38933a1-01aa-40a6-88fe-888bd86ed8a7.png', '2023-08-14', '010-1111-1111', '대구 중구', '중구', 'ROLE_TC', '98224675-ae2e-41b9-9a6a-195185030a7b.png', 1, 0, '2023-08-14 19:11:30'),
	(119, 2, 'sdfdsf@aaa.net', '{bcrypt}$2a$10$v4bKjdKNkfB5NRc/gI5F3ObDGrQHDNK0kvqLm1S5Ly2vSyPmpHP/K', '김두루미', '8b47e982-70f9-457e-a949-60f7a7f49c16.png', '1992-09-10', '010-2315-2398', '', '헤호호호', 'ROLE_TC', NULL, 1, 0, '2023-08-14 19:24:05'),
	(120, 2, 'boyeong@aaa.net', '{bcrypt}$2a$10$p11iHMJxfL/icPtacBMoMeAWeZIQJejRWIMxcBIdETpqpaxiHvCpi', '박보영', '0bf28fde-b21e-4907-8b58-9af08c4076f6.jpg', '1990-02-12', '010-1234-5678', '', '203동907호', 'ROLE_TC', NULL, 1, 0, '2023-08-14 19:26:33'),
	(121, 39, 'class20@naver.com', '{bcrypt}$2a$10$HArzN0lKNau2B50nADTK7.gTc8nV310VutijaLoxDr6fu.NRrTKGm', '박효신', 'd8ec8ceb-f8bf-4440-b505-4341b5569306.jpg', '2005-04-16', '010-6694-5594', '대구광역시 군위군 부계면 한티로 2117', '대율 2리 마을회관', 'ROLE_STD', NULL, 0, 0, '2023-08-16 10:24:48'),
	(123, 39, 'class21@naver.com', '{bcrypt}$2a$10$qO7fuzLKmZzamJfD1JVkvePT.3Fq7VieblN8s/tYrinoTeljcxj7G', '이승우', 'd1e005cd-e3d1-4efa-bec2-330b0e54a5f2.jpg', '2005-03-06', '010-8998-8878', '대구광역시 북구 검단로 115', '청구유성아파트 3동 1040호', 'ROLE_STD', NULL, 0, 0, '2023-08-16 10:26:18'),
	(124, 39, 'class22@naver.com', '{bcrypt}$2a$10$1eAa4xcpD5rH8YRwj3KIyuKDcHoSA9CjSEVBXPaXCTgQS.IDTVu8K', '김현희', '3348d8b6-9864-49b5-a4fa-190626c0bc78.jpg', '2005-09-20', '010-8774-1208', '대구광역시 북구 침산남로 19길 9', '침산청구타운 103동 105호', 'ROLE_STD', NULL, 0, 0, '2023-08-16 10:27:29'),
	(125, 39, 'class23@naver.com', '{bcrypt}$2a$10$BiUgUFgKO21stlLZcfrkyO/tJQUOMgDjZOfOf7MVfl4/fBdtrnIt6', '곽두팔', '9a3d95a2-0301-4515-b331-b68e9ab8f307.jpg', '2005-12-31', '010-5664-5680', '대구광역시 북구 동천로 156', '동화골든빌아파트 1008호', 'ROLE_STD', NULL, 0, 0, '2023-08-16 10:30:14'),
	(126, 39, 'class24@naver.com', '{bcrypt}$2a$10$TEddEzHGAoffa5pen2G3yO2VJ2vPMPX5ct8P3fJuO6evgelHwBFLC', '배소현', '422e68f1-2a5c-43b7-ba38-cd7b0022d9f7.jpg', '2005-01-09', '010-3006-2894', '대구 달성군 논공읍 논공중앙로34길 35', '달성 1차 일반산업단지', 'ROLE_STD', NULL, 0, 0, '2023-08-16 10:32:42'),
	(127, 2, 'awefuhi@aaa.net', '{bcrypt}$2a$10$knEFZ6iwQbQgDBhW7wVbxucEuumYsR.BD9gAdmIk6BPT2GJM6fTVe', '김두루미', 'c91d4329-9da6-4732-b1a9-37db0ffcbeac.png', '1900-09-07', '010-2322-6655', '대구 달성군 현풍읍 논공로 6 (성하리)', '하하하호호호호', 'ROLE_STD', NULL, 0, 0, '2023-08-16 11:54:15'),
	(128, 2, 'asdfasd@aaa.net', '{bcrypt}$2a$10$dBLdgFc0a6ZqEGQ8wN5PPeNhymrW4f4Vokkpw9gh01e.8rlpGREAW', '김두루미', '5ee87a11-c8dc-4a89-b14f-8372972920e1.png', '1991-09-07', '010-2315-2312', '대구 달성군 현풍읍 논공로 6 (성하리)', '니가무엇이든지', 'ROLE_STD', NULL, 0, 0, '2023-08-16 12:01:26'),
	(135, 27, 'std100@naver.com', '{bcrypt}$2a$10$VftZCPxB9DPedOdTppvaRO9NPzP8jObmLeHLrUYSoy/OniQR5knJ2', '김학생', '124b6773-5574-4d22-9f16-c39b943a2a84.png', '2023-08-17', 'string', 'string', 'string', 'ROLE_STD', NULL, 1, 0, '2023-08-17 20:24:58'),
	(138, 16, 'gyujin0912@gmail.com', '{bcrypt}$2a$10$WRVwSZkxJYSG3/35bvIyyu7zH/2m.d2jNVlQCiKSeOBkbQj4YwhHa', '김학생', '94d4ac83-bc3a-4bf2-a55b-1ec7bd0ffe04.png', '1999-09-12', '010-2938-2839', '대구 군위군 군위읍 개봉길 23-72 (내량리)', '테스트', 'ROLE_STD', NULL, 1, 0, '2023-08-17 20:33:29'),
	(144, 39, 'rkdlq9163@gmail.com', '{bcrypt}$2a$10$tz0XiaxHFCnhPIamE0/3u.FV8UPTu68vU76IaivQlUVlceHixNnGS', '견기성', 'f64cf6f5-0313-4961-aaff-5b0709a89884.jpg', '1991-09-07', '010-1234-5678', '대구 달성군 현풍읍 논공로 6 (성하리)', '안녕하세요', 'ROLE_STD', NULL, 0, 0, '2023-08-18 14:50:21'),
	(146, 39, 'pjh9641@gmail.com', '{bcrypt}$2a$10$NYPmmMGVIea5UFjbUreTQeeJLGYYPvuak.I7ewKbelA0KFT34w7aO', '박주희', '0500d580-4b4b-4293-b568-91d492bf6b72.jpg', '2005-01-01', '010-1234-1234', '대구 달성군 현풍읍 논공로 6 (성하리)', '201호', 'ROLE_STD', NULL, 0, 0, '2023-08-18 18:17:04');
/*!40000 ALTER TABLE `user` ENABLE KEYS */;

-- 테이블 team_c.van 구조 내보내기
CREATE TABLE IF NOT EXISTS `van` (
  `class_id` bigint(20) NOT NULL AUTO_INCREMENT,
  `school_id` bigint(20) NOT NULL,
  `year` char(4) NOT NULL DEFAULT '',
  `grade` char(1) NOT NULL DEFAULT '',
  `class` char(2) NOT NULL DEFAULT '',
  PRIMARY KEY (`class_id`),
  KEY `FK_school_TO_class_1` (`school_id`),
  CONSTRAINT `FK_school_TO_class_1` FOREIGN KEY (`school_id`) REFERENCES `school` (`school_id`)
) ENGINE=InnoDB AUTO_INCREMENT=66 DEFAULT CHARSET=utf8mb4 COLLATE=utf8mb4_general_ci;

-- 테이블 데이터 team_c.van:~65 rows (대략적) 내보내기
/*!40000 ALTER TABLE `van` DISABLE KEYS */;
INSERT INTO `van` (`class_id`, `school_id`, `year`, `grade`, `class`) VALUES
	(1, 1, '2023', '1', '1'),
	(2, 1, '2023', '1', '2'),
	(3, 1, '2023', '1', '3'),
	(4, 1, '2023', '1', '4'),
	(5, 1, '2023', '1', '5'),
	(6, 1, '2023', '1', '6'),
	(7, 1, '2023', '1', '7'),
	(8, 1, '2023', '2', '1'),
	(9, 1, '2023', '2', '2'),
	(10, 1, '2023', '2', '3'),
	(11, 1, '2023', '2', '4'),
	(12, 1, '2023', '2', '5'),
	(13, 1, '2023', '2', '6'),
	(14, 1, '2023', '2', '7'),
	(15, 1, '2023', '2', '8'),
	(16, 1, '2023', '3', '1'),
	(17, 1, '2023', '3', '2'),
	(18, 1, '2023', '3', '3'),
	(19, 1, '2023', '3', '4'),
	(20, 1, '2023', '3', '5'),
	(21, 1, '2023', '3', '6'),
	(22, 1, '2023', '3', '7'),
	(23, 1, '2023', '3', '8'),
	(24, 2, '2023', '1', '1'),
	(25, 2, '2023', '1', '2'),
	(26, 2, '2023', '1', '3'),
	(27, 2, '2023', '1', '4'),
	(28, 2, '2023', '1', '5'),
	(29, 2, '2023', '1', '6'),
	(30, 2, '2023', '1', '7'),
	(31, 2, '2023', '2', '1'),
	(32, 2, '2023', '2', '2'),
	(33, 2, '2023', '2', '3'),
	(34, 2, '2023', '2', '4'),
	(35, 2, '2023', '2', '5'),
	(36, 2, '2023', '2', '6'),
	(37, 2, '2023', '2', '7'),
	(38, 2, '2023', '3', '1'),
	(39, 2, '2023', '3', '2'),
	(40, 2, '2023', '3', '3'),
	(41, 2, '2023', '3', '4'),
	(42, 2, '2023', '3', '5'),
	(43, 2, '2023', '3', '6'),
	(44, 2, '2023', '3', '7'),
	(45, 3, '2023', '1', '1'),
	(46, 3, '2023', '1', '2'),
	(47, 3, '2023', '1', '3'),
	(48, 3, '2023', '1', '4'),
	(49, 3, '2023', '1', '5'),
	(50, 3, '2023', '1', '6'),
	(51, 3, '2023', '1', '7'),
	(52, 3, '2023', '2', '1'),
	(53, 3, '2023', '2', '2'),
	(54, 3, '2023', '2', '3'),
	(55, 3, '2023', '2', '4'),
	(56, 3, '2023', '2', '5'),
	(57, 3, '2023', '2', '6'),
	(58, 3, '2023', '2', '7'),
	(59, 3, '2023', '3', '1'),
	(60, 3, '2023', '3', '2'),
	(61, 3, '2023', '3', '3'),
	(62, 3, '2023', '3', '4'),
	(63, 3, '2023', '3', '5'),
	(64, 3, '2023', '3', '6'),
	(65, 3, '2023', '3', '7');
/*!40000 ALTER TABLE `van` ENABLE KEYS */;

/*!40101 SET SQL_MODE=IFNULL(@OLD_SQL_MODE, '') */;
/*!40014 SET FOREIGN_KEY_CHECKS=IFNULL(@OLD_FOREIGN_KEY_CHECKS, 1) */;
/*!40101 SET CHARACTER_SET_CLIENT=@OLD_CHARACTER_SET_CLIENT */;
/*!40111 SET SQL_NOTES=IFNULL(@OLD_SQL_NOTES, 1) */;
